country,country_code,slug,region,income_group,currency,employer_cost_pct,employer_cost_detail,employer_cost_source_url,employer_cost_confidence,gni_per_capita_usd,gdp_per_capita_usd,population,unemployment_pct,macro_year,macro_source_url,minimum_wage,minimum_wage_source_url,annual_leave,annual_leave_source_url,employer_cost_basis,employer_cost_note,publicHolidays,publicHolidays_source_url,sickLeave,sickLeave_source_url,maternityLeave,maternityLeave_source_url,paternityLeave,paternityLeave_source_url,workingHoursWeek,workingHoursWeek_source_url,overtimePremium,overtimePremium_source_url,noticePeriod,noticePeriod_source_url,severancePay,severancePay_source_url,probationMax,probationMax_source_url,terminationRegime,terminationRegime_source_url,thirteenthMonth,thirteenthMonth_source_url,payrollCycle,payrollCycle_source_url,dataProtection,dataProtection_source_url,language,language_source_url,timeZone,timeZone_source_url
United Arab Emirates,AE,united-arab-emirates,"Middle East, North Africa, Afghanistan & Pakistan",High income,AED,0,~0% for expatriate employees (the vast majority of the workforce); the GPSSA pension contribution (~12.5-15%) applies only to UAE/GCC nationals,https://taxsummaries.pwc.com/united-arab-emirates/individual/other-taxes,confirmed,51550,50274,11513149,2.2,2024,https://data.worldbank.org/country/AE,,,30 days,https://www.middleeastbriefing.com/doing-business-guide/uae/human-resources-and-payroll/annual-leave-and-public-holidays-uae,percentage,"For expats there is no employer social-security contribution, but employers must accrue a mandatory end-of-service gratuity (21 days' basic wage per year for years 1-5, 30 days per year after, capped at 24 months).",13 days,https://u.ae/en/information-and-services/public-holidays-and-religious-affairs/public-holidays,15 days full + 30 days half (employer),https://dda.gov.ae/-/media/A723B420E7B847B3B104C6AAB8CF937F.pdf,"60 days (45 at 100%, 15 at 50%)",https://dda.gov.ae/-/media/A723B420E7B847B3B104C6AAB8CF937F.pdf,5 days at 100%,https://dda.gov.ae/-/media/A723B420E7B847B3B104C6AAB8CF937F.pdf,48 hours,https://www.deel.com/blog/global-overtime-laws-by-country/,125% (150% nights/holidays),https://www.deel.com/blog/global-overtime-laws-by-country/,30 days,https://dda.gov.ae/-/media/A723B420E7B847B3B104C6AAB8CF937F.pdf,21 days pay/yr (30 days/yr after 5 yrs),https://dda.gov.ae/-/media/A723B420E7B847B3B104C6AAB8CF937F.pdf,6 months,https://egsh.ae/insights/probation-period-in-the-uae-labour-law,Notice + protected grounds (no cause required),https://dda.gov.ae/-/media/A723B420E7B847B3B104C6AAB8CF937F.pdf,,,Monthly,https://www.rivermate.com/guides/united-arab-emirates,PDPL (Federal Decree-Law No. 45 of 2021),https://www.dlapiperdataprotection.com/index.html?t=law&c=AE,Arabic,https://en.wikipedia.org/wiki/United_Arab_Emirates,UTC+4,https://en.wikipedia.org/wiki/United_Arab_Emirates
Armenia,AM,armenia,Europe & Central Asia,Upper middle income,AMD,0,0% (no employer social security contribution; all contributions borne by the employee),https://taxsummaries.pwc.com/armenia/individual/other-taxes,confirmed,9020,,3086700,12.9,2025,https://data.worldbank.org/country/AM,"AMD 85,000/month",https://www.rivermate.com/guides/armenia,20 working days,https://www.rivermate.com/guides/armenia,percentage,Employees fund a 5-10% pension contribution themselves; the employer pays only gross salary,,,"Employer 80% first 5 days, then social security",https://www.skuad.io/leave-policy/armenia,"140 days (20 wks), 100%",https://www.skuad.io/leave-policy/armenia,,,40 hours,https://rivermate.com/guides/armenia#working-hours-x26-overtime,150%,https://rivermate.com/guides/armenia#overtime-x26-minimums,14 days (<1yr) rising to 60 days (>15yr),https://www.legal500.com/guides/chapter/armenia-employment-and-labour-law/,Redundancy: 1 month avg salary; unsuitability/incapacity: 10x avg daily wage (<1yr) up to 44x (15+ yrs),https://www.legal500.com/guides/wp-content/uploads/sites/1/2026/04/Armenia-Employment-PDF.pdf,,,cause + notice,https://rivermate.com/guides/armenia#termination-offboarding,,,Monthly,https://rivermate.com/guides/armenia#payroll-cycles-x26-wage-structure,Law on Protection of Personal Data 2015 (Armenia),https://www.dlapiperdataprotection.com/index.html?t=law&c=AM,Armenian,https://www.playroll.com/global-hiring-guides/armenia,UTC+4,https://en.wikipedia.org/wiki/Time_in_Armenia
Botswana,BW,botswana,Sub-Saharan Africa ,Upper middle income,BWP,0,None (no statutory social security contributions in Botswana),https://taxsummaries.pwc.com/botswana/individual/other-taxes,confirmed,7390,7778,2562122,24.5,2025,https://data.worldbank.org/country/BW,BWP 9.06/hour (most sectors),https://www.rivermate.com/guides/botswana,15 working days,https://www.rivermate.com/guides/botswana,percentage,Botswana has no national social security scheme; only private/voluntary pension arrangements exist,,,,,14 wks (at least 70% pay),https://bw.andersen.com/botswanas-key-legislative-highlights/,5 days paid,https://businessweekly.co.bw/columns/hr-employment/paternity-leave-a-new-dawn-for-fathers-in-botswana,48 hours,https://rivermate.com/guides/botswana#working-hours-x26-overtime,150% (200% Sunday/holiday),https://rivermate.com/guides/botswana#overtime-x26-minimums,1 month (monthly-paid employees),https://rivermate.com/guides/botswana#notice-periods,1 day pay/completed month (≈12 days/yr) first 5 yrs; 2 days/month after,https://rivermate.com/guides/botswana#severance-pay,,,cause required (strong protection),https://rivermate.com/guides/botswana#termination-offboarding,Customary but not mandatory,https://rivermate.com/guides/botswana/salary,Monthly,https://rivermate.com/guides/botswana#payroll-cycles-x26-wage-structure,Data Protection Act 2024 (Botswana),https://www.dlapiperdataprotection.com/index.html?t=law&c=BW,"English, Tswana",https://www.playroll.com/global-hiring-guides/botswana,UTC+2,https://en.wikipedia.org/wiki/Time_in_Botswana
North Macedonia,MK,north-macedonia,Europe & Central Asia,Upper middle income,MKD,0,~0% employer-side (mandatory ~28% social contributions are calculated on and withheld from the employee's gross salary),https://taxsummaries.pwc.com/north-macedonia/individual/other-taxes,confirmed,9490,10490,1820909,,2025,https://data.worldbank.org/country/MK,"MKD 22,567/month",https://www.rivermate.com/guides/north-macedonia,20 working days,https://www.rivermate.com/guides/north-macedonia,percentage,"The ~28% contributions (pension 18.8% + health 7.5% + employment 1.2% + additional health 0.5%) are the employee's, remitted by the employer; base capped at 16 average salaries",,,Employer pays up to 30 days (70-90%),https://cms.law/en/int/expert-guides/cms-expert-guide-to-labour-law-in-central-eastern-europe/north-macedonia,9 months (~39 wks) paid,https://rivermate.com/guides/north-macedonia#statutory-leave,7 days paid,https://rivermate.com/guides/north-macedonia#statutory-leave,40 hours,https://rivermate.com/guides/north-macedonia#working-hours-x26-overtime,135% (35% premium),https://www.ssm.org.mk/sites/default/files/files/dokumenti/2016/06/opsht_kolektiven_dogovor_za_privaten_sektor_od_oblasta_na_stopanstvoto_sl._vesnik_na_rm_br.115_od_1.08.2014_g.pdf,"1 month (≤5 yrs), 2 months (>5 yrs)",https://rivermate.com/guides/north-macedonia#notice-periods,"1-7 net salaries (by tenure, business-reason dismissal)",https://portal.mdt.gov.mk/post-body-files/zakoni-met-file-LaRm.pdf,,,cause + notice,https://rivermate.com/guides/north-macedonia#termination-offboarding,,,Monthly,https://rivermate.com/guides/north-macedonia#payroll-cycles-x26-wage-structure,Law on Personal Data Protection 2020 (GDPR-aligned) (North Macedonia),https://www.dlapiperdataprotection.com/index.html?t=law&c=MK,Macedonian,https://www.rivermate.com/guides/north-macedonia,UTC+1,https://en.wikipedia.org/wiki/Time_in_North_Macedonia
Montenegro,ME,montenegro,Europe & Central Asia,Upper middle income,EUR,0.5,~0.5% (employer pays only 0.5% unemployment insurance; pension and health are employee-borne),https://taxsummaries.pwc.com/montenegro/individual/other-taxes,confirmed,14150,14817,623129,13.6,2025,https://data.worldbank.org/country/ME,EUR 532.50/month (gross),https://www.rivermate.com/guides/montenegro,20 paid days,https://www.rivermate.com/guides/montenegro,percentage,"Entire 10% pension/disability insurance is borne by the employee; pension base capped at EUR 75,453/year (2025)",,,Employer pays first 60 days at 70%,https://rivermate.com/guides/montenegro#statutory-leave,,,,,40 hours,https://rivermate.com/guides/montenegro#working-hours-x26-overtime,140% (40% premium),https://rivermate.com/guides/montenegro#overtime-x26-minimums,30 days (minimum),https://decentworkbalkans.com/facts/montenegro-fact-sheet-2025/,"1/3 monthly pay per year of service, min 3 monthly salaries (redundancy; 18+ months service)",https://www.paragraf.me/propisi-crnegore/zakon-o-radu.html,,,cause + notice,https://rivermate.com/guides/montenegro#termination-offboarding,,,Monthly,https://rivermate.com/guides/montenegro#payroll-cycles-x26-wage-structure,Law on Protection of Personal Data 2008 (Montenegro),https://www.dlapiperdataprotection.com/index.html?t=law&c=ME,"Montenegrin, Serbian",https://www.rivermate.com/guides/montenegro,UTC+1,https://en.wikipedia.org/wiki/Time_in_Montenegro
Namibia,NA,namibia,Sub-Saharan Africa ,Lower middle income,NAD,0.9,"0.9% (Social Security Commission, on basic wage)",https://taxsummaries.pwc.com/republic-of-namibia/individual/other-taxes,reported,,4876,3092816,19.3,2025,https://data.worldbank.org/country/NA,NAD 18.00/hour,https://www.rivermate.com/guides/namibia,24 consecutive days,https://www.rivermate.com/guides/namibia,percentage,"Capped at a maximum monthly contribution (~N$81 per contributor); basic-wage ceiling rising to N$11,000 from March 2025","13 days/year (12 under the Public Holidays Act + Genocide Remembrance Day, 28 May)",https://www.lac.org.na/laws/2024/8373.pdf,30 days per 3-yr cycle (5-day week),https://rivermate.com/guides/namibia#statutory-leave,"12 wks (via SSC, 100% to ceiling)",https://www.lac.org.na/laws/annoREG/Social%20Security%20Act%2034%20of%201994-Regulations%201995-198.pdf,None (no statutory entitlement),https://rivermate.com/guides/namibia#statutory-leave,45 hours,https://rivermate.com/guides/namibia#working-hours-x26-overtime,150% (200% Sunday/holiday),https://rivermate.com/guides/namibia#working-hours-x26-overtime,1 month (1 year+ service),https://rivermate.com/guides/namibia#notice-periods,1 week's remuneration per year of continuous service,https://rivermate.com/guides/namibia#severance-pay,,,cause required (strong protection),https://rivermate.com/guides/namibia#termination-offboarding,,,Monthly,https://rivermate.com/guides/namibia#payroll-cycles-x26-wage-structure,None (no comprehensive law; Draft Bill 2021),https://www.dlapiperdataprotection.com/index.html?t=law&c=NA,English,https://www.playroll.com/global-hiring-guides/namibia,UTC+2,https://en.wikipedia.org/wiki/Time_in_Namibia
Lithuania,LT,lithuania,Europe & Central Asia,High income,EUR,1.77,~1.77%-3.03%: Sodra employer social insurance 1.45%-2.71% + Guarantee Fund 0.16% + Long-term Employment Fund 0.16%; no earnings threshold,https://taxsummaries.pwc.com/lithuania/individual/other-taxes,confirmed,30500,32959,2888774,6.7,2025,https://data.worldbank.org/country/LT,"€1,153/month",https://arlettipartners.com/lithuania-minimum-wage-to-increase-by-11-1-as-of-1-january-2026/,20 working days,https://www.leavebalance.com/blog/annual-leave-entitlement-lithuania/,percentage,"Outlier: a 2019 reform shifted nearly all social contributions onto the employee's grossed-up salary, leaving the employer with only ~1.77%",14 days,https://rivermate.com/guides/lithuania#public-x26-regional-holidays,"62.06-100% (2d employer), then 62.06% (SODRA)",https://micenter.lt/en/social-benefits,126 days (18 wks) at 77.58% (SODRA),https://rivermate.com/guides/lithuania#statutory-leave,30 days at 77.58% (SODRA),https://rivermate.com/guides/lithuania#statutory-leave,40 hours,https://boundlesshq.com/guides/lithuania/hours-of-work/,150% (200% rest day/night),https://www.playroll.com/working-hours/lithuania,"2 weeks (<1yr), 1 month (1yr+); doubled or tripled for protected staff",https://apps.eurofound.europa.eu/legislationdb/notice-period-to-employees/lithuania,2 months average pay (0.5 month if under 1yr),https://apps.eurofound.europa.eu/legislationdb/severance-payredundancy-compensation/lithuania,3 months,https://www.grantthornton.lt/en/insights/relevant-labor-relation-changes-2022-2023/,cause + notice,https://rivermate.com/guides/lithuania#termination-offboarding,Customary but not mandatory,https://www.rivermate.com/guides/lithuania,Monthly,https://www.rivermate.com/guides/lithuania,GDPR (EU) + Law on Legal Protection of Personal Data,https://www.dlapiperdataprotection.com/index.html?t=law&c=LT,Lithuanian,https://en.wikipedia.org/wiki/Lithuania,UTC+2,https://en.wikipedia.org/wiki/Lithuania
South Africa,ZA,south-africa,Sub-Saharan Africa ,Upper middle income,ZAR,2,"2% total: UIF (unemployment) 1%, capped at ZAR 212,544/yr remuneration per employee, plus Skills Development Levy (SDL) 1% of payroll (employers with annual payroll below ZAR 500,000 are exempt from SDL)",https://taxsummaries.pwc.com/south-africa/individual/other-taxes,confirmed,6270,6598,64747319,32.4,2025,https://data.worldbank.org/country/ZA,R30.23/hour (from 1 March 2026),https://www.sanews.gov.za/south-africa/national-minimum-wage-rise-r3023-hour-march,"15 working days (21 consecutive days, 5-day week)",https://ceosa.org.za/annual-leave-under-the-bcea-what-employers-must-grant-and-what-they-must-pay/,percentage,"Just 2% total (1% UIF, capped, plus a 1% skills levy), and small payrolls under ZAR 500,000 are exempt from the skills levy.",12 days,https://rivermate.com/guides/south-africa#public-holidays-x26-regional-holidays,~30 days per 36-month cycle (employer),https://rivermate.com/guides/south-africa#statutory-leave,4 months (~17 wks) unpaid; UIF 66%,https://www.gov.za/sites/default/files/gcis_document/201701/a10of2016unemploymentinsuranceamendact.pdf,Shared 4 months + 10 days pool (ConCourt Oct 2025); UIF 66%,https://www.concourt.org.za/index.php/judgement/617,45 hours,https://www.playroll.com/working-hours/south-africa,150% (200% Sunday/holiday),https://www.playroll.com/working-hours/south-africa,1-4 weeks (by tenure),https://rivermate.com/guides/south-africa#notice-periods,1 week/yr (retrenchment),https://rivermate.com/guides/south-africa#severance-pay,No statutory max (3-6 months typical),https://intelligence.dlapiper.com/global-expansion-employment/?c=za,cause required (strong protection),https://rivermate.com/guides/south-africa#termination-offboarding,Customary but not mandatory,https://www.rivermate.com/guides/south-africa,Monthly,https://www.rivermate.com/guides/south-africa,POPIA,https://www.dlapiperdataprotection.com/index.html?t=law&c=ZA,English (+ 11 co-official),https://en.wikipedia.org/wiki/South_Africa,UTC+2,https://en.wikipedia.org/wiki/South_Africa
Georgia,GE,georgia,Europe & Central Asia,Upper middle income,GEL,2,"Mandatory funded pension: employer contributes 2% of the employee's salary, on top of the 2% it withholds from the employee (the state adds a further 2%)",https://taxsummaries.pwc.com/georgia/individual/other-taxes,confirmed,8990,9692,3935766,12.1,2025,https://data.worldbank.org/country/GE,"GEL 20/month (private sector; symbolic, unchanged since 1999)",https://www.cxcglobal.com/global-hiring-guide/georgia/payroll-and-benefits-in-georgia/,24 working days,https://www.cxcglobal.com/global-hiring-guide/georgia/payroll-and-benefits-in-georgia/,percentage,"Scheme mandatory since 2019; the state co-payment tapers to 1% on income above GEL 24,000 per year and stops entirely above GEL 60,000",18 days,https://matsne.gov.ge/en/document/download/1155567/29/en/pdf,Unpaid unless contract provides (job kept up to 40 consecutive days),https://matsne.gov.ge/en/document/download/1155567/29/en/pdf,"126 days (~18 wks), state-paid",https://matsne.gov.ge/en/document/download/1155567/29/en/pdf,"None dedicated (parental leave shareable, 57 days paid)",https://matsne.gov.ge/en/document/download/1155567/29/en/pdf,,,,,30 days (or 3 days + extra severance),https://www.cxcglobal.com/global-hiring-guide/georgia/end-of-employment-in-georgia/,1 month salary (or 2 months if 3-day notice),https://www.cxcglobal.com/global-hiring-guide/georgia/end-of-employment-in-georgia/,,,cause + notice,https://www.cxcglobal.com/global-hiring-guide/georgia/end-of-employment-in-georgia/,,,Monthly,https://matsne.gov.ge/en/document/view/1155567,Law on Personal Data Protection (2023),https://www.dlapiperdataprotection.com/index.html?t=law&c=GE,Georgian,https://en.wikipedia.org/wiki/Georgia_(country),UTC+4,https://en.wikipedia.org/wiki/Georgia_(country)
Romania,RO,romania,Europe & Central Asia,High income,RON,2.25,"2.25% work-insurance contribution (CAM) on all gross salary for normal working conditions; an additional 4% (difficult) or 8% (special) pension contribution applies for hard/hazardous conditions, so the range is 2.25-10.25%",https://taxsummaries.pwc.com/romania/individual/other-taxes,confirmed,20190,22538,19020271,6,2025,https://data.worldbank.org/country/RO,"RON 4,325/month (gross)",https://leglobal.law/2026/03/24/romania-new-minimum-wage-of-ron-4325-takes-effect-july-2026/,20 working days,https://boundlesshq.com/guides/romania/leave/,percentage,Romania shifted almost the entire social-security burden onto employees; employers pay just 2.25% (CAM) for normal working conditions.,17 days,https://en.wikipedia.org/wiki/Public_holidays_in_Romania,"55-75%; days 2-6 employer, then health fund",https://mmc-law.ro/stiri-si-opinii/modificari-masive-aduse-legislatiei-fiscale-si-conexe-prin-legea-nr-141-2025/,126 days (~18 wks) at 85%,https://www.mondaq.com/employment-and-hr/1178844/labour-and-employment-comparative-guide,10-15 working days (employer-paid),https://leglobal.law/countries/romania/employment-law/employment-law-overview-romania/11-employee-benefits/,40 hours (48h max),https://boundlesshq.com/guides/romania/hours-of-work/,"175% (min +75%, or TOIL)",https://www.playroll.com/working-hours/romania,20 working days (45 for management),https://rivermate.com/guides/romania#notice-periods,Not universal (collective redundancy/incapacity),https://rivermate.com/guides/romania#severance-pay,90 days (120 days management),https://leglobal.law/countries/romania/employment-law/employment-law-overview-romania/02-employment-contracts/,cause + notice,https://rivermate.com/guides/romania#notice-periods,,,Monthly,https://www.rivermate.com/guides/romania,GDPR (EU) + Law 190/2018,https://www.dlapiperdataprotection.com/index.html?t=law&c=RO,Romanian,https://en.wikipedia.org/wiki/Romania,UTC+2,https://en.wikipedia.org/wiki/Romania
Kyrgyzstan,KG,kyrgyzstan,Europe & Central Asia,Lower middle income,KGS,2.25,~2.25% (Social Fund: Pension Fund 1% + Mandatory Health Insurance FOMS 1% + Health Improvement Fund 0.25%); cut from 17.25% by a reform effective 1 August 2024,https://sf.gov.kg/ru/o-snizhenii-stavki-tarifov-strahovyh-vznosov-po-gosudarstvennomu-soczialnomu-strahovaniyu/,confirmed,2800,,7343064,3.5,2025,https://data.worldbank.org/country/KG,"KGS 12,234/month",https://www.rivermate.com/guides/kyrgyzstan,28 calendar days,https://www.rivermate.com/guides/kyrgyzstan,percentage,Employees additionally contribute 10%; total payroll social charge ~12.25% after the 1 August 2024 reform (down from ~27.25%),,,,,"126 days (18 wks, lowlands); 100% pay first 10 working days (employer), then 2,000 som/month (state)",https://cbd.minjust.gov.kg/api/v1/ConvertToPdf?refId1=52189&lang=ru,,,40 hours,https://rivermate.com/guides/kyrgyzstan#working-hours-x26-overtime,150% (first 2h; 200% after),https://rivermate.com/guides/kyrgyzstan#working-hours-x26-overtime,2 months (liquidation/reduction); 2 wks (incapacity),https://rivermate.com/guides/kyrgyzstan#notice-periods,2 months' avg wage (liquidation/reduction); 1 month (incapacity),https://rivermate.com/guides/kyrgyzstan#severance-pay,,,cause + notice,https://rivermate.com/guides/kyrgyzstan#notice-periods,,,Monthly,https://rivermate.com/guides/kyrgyzstan#payroll-cycles-x26-wage-structure,Law on Personal Data 2008 (Kyrgyzstan),https://www.dlapiperdataprotection.com/index.html?t=law&c=KG,"Kyrgyz, Russian",https://www.neeyamo.com/global-guide/kyrgyzstan,UTC+6,https://en.wikipedia.org/wiki/Time_in_Kyrgyzstan
Myanmar,MM,myanmar,East Asia & Pacific,Lower middle income,MMK,3,"3% (social security, on salaries and wages)",https://taxsummaries.pwc.com/myanmar/individual/other-taxes,confirmed,1320,,54850648,,2025,https://data.worldbank.org/country/MM,"MMK 4,800/day (~MMK 124,800/mo; ~6,800/day with 2024 allowances)",https://www.dfdl.com/insights/legal-and-tax-updates/myanmar-minimum-wage-update/,,,percentage,"Employer contribution capped at MMK 9,000 per month per employee; applies to employers with 5+ workers",,,30 days/year (full pay after 6mo),https://intelligence.dlapiper.com/global-expansion-employment/?c=mm,14 wks paid (Social Security Law 2012),https://intelligence.dlapiper.com/global-expansion-employment/?c=mm,15 days (Social Security),https://www.mondaq.com/employee-rights-labour-relations/827458/a-guide-to-myanmar-labour-policies,48 hours,https://www.playroll.com/working-hours/myanmar,200% (double; 250% holidays),https://www.playroll.com/working-hours/myanmar,1 month (or pay in lieu) for non-misconduct termination,https://www.qhrm.io/qhrm-blog/how-to-terminate-employee-myanmar,Tiered by tenure (Notification 84/2015): 0.5 month at 6mo up to ~13 months at 20yr+,https://www.qhrm.io/qhrm-blog/severance-pay-myanmar,3 months,https://www.qhrm.io/qhrm-blog/how-to-terminate-employee-myanmar,cause + notice,https://www.qhrm.io/qhrm-blog/how-to-terminate-employee-myanmar,None (no statutory entitlement),https://www.neeyamo.com/global-guide/myanmar,Monthly,https://www.neeyamo.com/global-guide/myanmar,None (no comprehensive law; sectoral only),https://www.dlapiperdataprotection.com/index.html?t=law&c=MM,Burmese,https://www.playroll.com/global-hiring-guides/myanmar,UTC+6:30,https://en.wikipedia.org/wiki/Time_in_Myanmar
New Zealand,NZ,new-zealand,East Asia & Pacific,High income,NZD,3.75,"KiwiSaver employer minimum 3.5% (rising to 4% from 1 April 2028) for employees who are scheme members, plus Employer Superannuation Contribution Tax (ESCT) on that contribution and ACC work-accident levies (industry-rated)",https://taxsummaries.pwc.com/new-zealand/individual/other-taxes,confirmed,46630,49591,5324700,5.1,2025,https://data.worldbank.org/country/NZ,NZ$23.95/hour (from 1 April 2026),https://www.employment.govt.nz/news-and-updates/minimum-wage-is-increasing-on-1-april-2026,4 weeks (20 working days),https://www.employment.govt.nz/leave-and-holidays/annual-holidays,percentage,The KiwiSaver employer contribution is only 3.5% and applies solely to employees who are scheme members; ACC levies vary by industry.,11 national (+ regional anniversary day),https://www.govt.nz/browse/work/public-holidays-and-work/public-holidays-and-anniversary-dates/,10 days paid (employer),https://rivermate.com/guides/new-zealand#statutory-benefits,26 weeks paid primary carer leave (govt),https://rivermate.com/guides/new-zealand#statutory-benefits,None paid; 1-2 wks unpaid partner's leave,https://www.employment.govt.nz/leave-and-holidays/parental-leave/types-of-parental-leave/partners-leave,40 hours (no statutory standard; agreed),https://www.usemultiplier.com/new-zealand/working-hours,No statutory rate (set by agreement),https://www.usemultiplier.com/new-zealand/working-hours,None statutory (reasonable notice implied),https://rivermate.com/guides/new-zealand#terminations-and-notice-periods,None (no statutory redundancy pay),https://www.employment.govt.nz/ending-employment/redundancy,90-day trial (all employers),https://www.business.govt.nz/people-and-leave/advertising-and-hiring/trial-and-probation-periods,cause + notice,https://rivermate.com/guides/new-zealand#terminations-and-notice-periods,,,Fortnightly or monthly,https://www.rivermate.com/guides/new-zealand,Privacy Act 2020,https://www.dlapiperdataprotection.com/index.html?t=law&c=NZ,English; Māori,https://en.wikipedia.org/wiki/New_Zealand,UTC+12,https://en.wikipedia.org/wiki/New_Zealand
Mozambique,MZ,mozambique,Sub-Saharan Africa ,Low income,MZN,4,4% (social security INSS),https://taxsummaries.pwc.com/mozambique/individual/other-taxes,confirmed,570,627,35631653,,2025,https://data.worldbank.org/country/MZ,,,Up to 30 days/yr (1 day/mo in year 1),https://www.rivermate.com/guides/mozambique,percentage,Foreign employees may apply for exemption if contributing to a similar home-country system,9 days/year,https://rivermate.com/guides/mozambique#public-holidays-x26-regional-holidays,15 days paid/year (full salary),https://rivermate.com/guides/mozambique#statutory-leave,,,,,48 hours,https://faolex.fao.org/docs/pdf/moz221728.pdf,150% (50% premium),https://rivermate.com/guides/mozambique#working-hours-x26-overtime,30 days (employer termination for economic reasons),https://cms.law/en/int/expert-guides/cms-expert-guide-to-dismissals/mozambique,30 days/yr (≤7x min wage earners); less for higher earners,https://rivermate.com/guides/mozambique#severance-pay,,,cause + notice,https://rivermate.com/guides/mozambique#termination-offboarding,,,Monthly,https://rivermate.com/guides/mozambique#payroll-cycles-x26-wage-structure,None (no comprehensive law),https://www.dlapiperdataprotection.com/index.html?t=law&c=MZ,Portuguese,https://www.playroll.com/global-hiring-guides/mozambique,UTC+2,https://en.wikipedia.org/wiki/Time_in_Mozambique
Cambodia,KH,cambodia,East Asia & Pacific,Lower middle income,KHR,4.1,"NSSF employer contributions: occupational risk 0.8% + healthcare 1.3% + old-age pension 2% (employer share) = ~4.1% in the scheme's early years, rising over time",https://taxsummaries.pwc.com/cambodia/individual/other-taxes,confirmed,2750,2872,17847982,0.3,2025,https://data.worldbank.org/country/KH,$210/month (garment/textile/footwear sector; no general national minimum),https://english.news.cn/20250917/42ad1707900a462ba1628b89817ad288/c.html,18 working days,https://rivermate.com/guides/cambodia#statutory-leave,percentage,Since 2018 the 1.3% healthcare contribution is borne 100% by the employer; the pension scheme (launched 2022) steps its rate up every few years,~20-22 days,https://rivermate.com/guides/cambodia#public-x26-regional-holidays,"1 mo at 100%, then 60%/40% (standard rules, not statutory)",https://cambodiacounsel.com/labor-immigration/,90 days at 50% (employer) + NSSF,https://rivermate.com/guides/cambodia#statutory-leave,None dedicated; special leave up to 7 days/yr (family events),https://cambodiacounsel.com/labor-immigration/,48 hours,https://wageindicator.org/en-kh/work-in-cambodia/labour-law/compensation-and-working-time/,150% (200% night/Sunday/holiday),https://wageindicator.org/en-kh/work-in-cambodia/labour-law/compensation-and-working-time/,7 days-3 months (by tenure),https://rivermate.com/guides/cambodia#notice-periods,"15 days/yr (seniority payment, paid in two instalments)",https://www.tilleke.com/insights/cambodia-implementing-guidelines-provide-new-details-labor-law-amendments/,3 months (regular employees),https://wageindicator.org/en-kh/work-in-cambodia/labour-law/contracts-and-dismissals/,cause + notice,https://rivermate.com/guides/cambodia#notice-periods,"Mandatory (seniority payment, ~15 days/yr)",https://www.rivermate.com/guides/cambodia,Monthly,https://www.rivermate.com/guides/cambodia,None comprehensive (draft law pending),https://www.dlapiperdataprotection.com/index.html?t=law&c=KH,Khmer,https://en.wikipedia.org/wiki/Cambodia,UTC+7,https://en.wikipedia.org/wiki/Cambodia
Zimbabwe,ZW,zimbabwe,Sub-Saharan Africa ,Lower middle income,USD,4.5,"4.5% (NSSA pension/POBS, on insurable earnings)",https://www.nssa.org.zw/contributions/,reported,2660,3021,16950795,9.3,2025,https://data.worldbank.org/country/ZW,US$150/month (SI 186 of 2024),https://remotepeople.com/countries/zimbabwe/employer-of-record/minimum-wage/,22 working days (30 calendar days),https://wageindicator.org/en-zw/work-in-zimbabwe/labour-law/annual-leave-and-holidays,percentage,Insurable earnings capped at USD 700/month; a separate accident-prevention (APWCS/WCIF) levy also applies,15 days/year,https://www.officeholidays.com/countries/zimbabwe/2026,90 days full pay (+90 half) per cycle,https://rivermate.com/guides/zimbabwe#statutory-leave,98 days (14 wks) paid,https://rivermate.com/guides/zimbabwe#statutory-leave,,,48 hours,https://www.playroll.com/working-hours/zimbabwe,150% (200% Sunday/holiday),https://www.playroll.com/working-hours/zimbabwe,3 months (indefinite / 2yr+ contract),https://wageindicator.org/en-zw/work-in-zimbabwe/labour-law/contracts-and-dismissals/notice-and-severance/,"1 month's salary per year of service (retrenchment, SI 191/2024)",https://www.afriwise.com/blog/the-new-labour-retrenchment-regulations-2024-statutory-instrument-191-of-2024,,,cause required (strong protection),https://wageindicator.org/en-zw/work-in-zimbabwe/labour-law/contracts-and-dismissals/notice-and-severance/,,,Monthly,https://www.playroll.com/global-hiring-guides/zimbabwe,Cyber and Data Protection Act 2021 (Zimbabwe),https://www.dlapiperdataprotection.com/index.html?t=law&c=ZW,English,https://www.playroll.com/global-hiring-guides/zimbabwe,UTC+2,https://en.wikipedia.org/wiki/Time_in_Zimbabwe
Hong Kong,HK,hong-kong,East Asia & Pacific,High income,HKD,5,"5% employer Mandatory Provident Fund (MPF) contribution, capped at monthly relevant income of HKD 30,000 (maximum HKD 1,500/month)",https://taxsummaries.pwc.com/hong-kong-sar/individual/other-taxes,confirmed,62500,56983,7498900,2.8,2025,https://data.worldbank.org/country/HK,HK$42.10/hour,https://knowledge.dlapiper.com/dlapiperknowledge/globalemploymentlatestdevelopments/2025/new-statutory-minimum-wage-rate-in-hong-kong,7 days (after 1st year of continuous service),https://www.1823.gov.hk/en/faq/how-many-days-of-paid-annual-leave-should-be-granted-to-employees-can-employer-make-payment-in-lieu-of-annual-leave,percentage,"Employer MPF is just 5% and hard-capped at HKD 1,500/month, among the lightest mandatory employer costs in the world.",15 statutory holidays,https://rivermate.com/guides/hong-kong#statutory-benefits,Up to 120 days at 4/5 (80%) pay (employer),https://rivermate.com/guides/hong-kong#statutory-benefits,14 weeks at 4/5 (80%) pay,https://www.labour.gov.hk/eng/faq/cap57h_whole.htm,5 days at 4/5 (80%) pay,https://www.labour.gov.hk/eng/faq/cap57n_whole.htm,None (no statutory working-hours limit),https://en.wikipedia.org/wiki/Working_time,None (no statutory entitlement),https://en.wikipedia.org/wiki/Working_time,1 month if contract silent (7 days minimum if agreed),https://www.labour.gov.hk/eng/faq/cap57d_whole.htm,"2/3 month/yr (SP/LSP, cap HK$390k)",https://rivermate.com/guides/hong-kong#severance-and-long-service-payment,3-6 months typical (no statutory max),https://iuslaboris.com/insights/hong-kong-follow-the-basics-in-employment-law/,Notice + protected grounds (no cause required),https://cms.law/en/int/expert-guides/cms-expert-guide-to-dismissals/hong-kong,Customary but not mandatory,https://www.rivermate.com/guides/hong-kong,Monthly,https://www.rivermate.com/guides/hong-kong,PDPO,https://www.dlapiperdataprotection.com/index.html?t=law&c=HK,Chinese; English,https://en.wikipedia.org/wiki/Hong_Kong,UTC+8,https://en.wikipedia.org/wiki/Hong_Kong
Thailand,TH,thailand,East Asia & Pacific,Upper middle income,THB,5,"5% employer Social Security Fund contribution, capped at a maximum of THB 875/month per employee",https://taxsummaries.pwc.com/thailand/individual/other-taxes,confirmed,7690,8057,71619863,0.8,2025,https://data.worldbank.org/country/TH,฿337-400/day (varies by province; no single uniform national rate). Number is monthly USD approx from the ฿337 floor x ~26 working days.,https://www.aseanbriefing.com/news/thailands-new-minimum-wage-for-2025-what-businesses-and-workers-need-to-know/,6 working days (after 1 year of service),https://www.tilleke.com/insights/annual-leave-thailand/,percentage,"The employer social-security contribution is capped very low, at a maximum of about THB 875/month.",≥13 days,https://rivermate.com/guides/thailand#public-holidays-x26-regional-holidays,30 days/yr at 100% (employer),https://web.archive.org/web/20230601090405/https://www.labour.go.th/attachments/article/47756/The%20Labour%20Protection%20Act%20B.E.%202541.pdf,120 days; first 60 at 100% (employer),https://www.tilleke.com/insights/thailand-expands-family-leave-rights-and-strengthens-worker-protections/,15 days at full pay (employer),https://pkfthailand.asia/labour-protection-act-no-9-b-e-2568-expanded-maternity-and-paternity-leave-rights/,48 hours (non-hazardous work),https://gpa.net/blogs/regional-focus/overtime-regulations-in-asean,150%,https://gpa.net/blogs/regional-focus/overtime-regulations-in-asean,1 pay period (~30 days),https://rivermate.com/guides/thailand#notice-periods,30-400 days pay by tenure (120d-20yr+),https://rivermate.com/guides/thailand#severance-pay,119 days (custom; severance at 120 days),https://www.nishimura.com/en/knowledge/publications/20230119-94526,cause + notice,https://www.oecd.org/content/dam/oecd/en/publications/reports/2025/03/employment-protection-information-2015-country-notes_c15de892/thailand_31c58369/860a9160-en.pdf,Customary but not mandatory,https://www.rivermate.com/guides/thailand,Monthly,https://www.rivermate.com/guides/thailand,PDPA (B.E. 2562/2019),https://www.dlapiperdataprotection.com/index.html?t=law&c=TH,Thai,https://en.wikipedia.org/wiki/Thailand,UTC+7,https://en.wikipedia.org/wiki/Thailand
Bosnia and Herzegovina,BA,bosnia-and-herzegovina,Europe & Central Asia,Upper middle income,BAM,6,Federation of BiH: ~6% employer (pension 2.5% + health 2% + unemployment 0.5% + ~1% disaster/water); Republika Srpska: 0%,https://taxsummaries.pwc.com/bosnia-and-herzegovina/individual/other-taxes,confirmed,,10382,3140095,,2025,https://data.worldbank.org/country/BA,"BAM 1,000/mo (FBiH), BAM 900/mo (RS)",https://www.rivermate.com/guides/bosnia-and-herzegovina,20 working days,https://www.rivermate.com/guides/bosnia-and-herzegovina,percentage,No employer social security contributions in Republika Srpska; there all contributions are borne by the employee,,,Employer pays first 42 days (FBiH) at ≥80%,https://cms.law/en/int/expert-guides/cms-expert-guide-to-labour-law-in-central-eastern-europe/federation-of-bosnia-and-herzegovina,Up to 12 months paid (varies by entity),https://advokat-prnjavorac.com/legislation/Labour-Law-FBiH-2015.pdf,Up to 7 paid days/yr incl. spouse's childbirth (FBiH; 5 in RS),https://fbihvlada.gov.ba/bosanski/zakoni/2016/zakoni/5h.html,40 hours,https://rivermate.com/guides/bosnia-and-herzegovina#working-hours-x26-overtime,No statutory rate (set by collective agreement),https://cms.law/en/int/expert-guides/cms-expert-guide-to-labour-law-in-central-eastern-europe/federation-of-bosnia-and-herzegovina,"Min 14 days (FBiH), 30 days (RS); longer by agreement",https://cms.law/en/int/expert-guides/cms-expert-guide-to-dismissals/bosnia-and-herzegovina,"1/3 month salary per year of service (capped, ~6 months)",https://rivermate.com/guides/bosnia-and-herzegovina#severance-pay,,,cause + notice,https://rivermate.com/guides/bosnia-and-herzegovina#termination-offboarding,,,Monthly,https://fbihvlada.gov.ba/bosanski/zakoni/2016/zakoni/5h.html,Law on Protection of Personal Data 2025 (Bosnia and Herzegovina),https://www.dlapiperdataprotection.com/index.html?t=law&c=BA,"Bosnian, Croatian, Serbian",https://www.rivermate.com/guides/bosnia-and-herzegovina,UTC+1,https://en.wikipedia.org/wiki/Time_in_Bosnia_and_Herzegovina
Laos,LA,laos,East Asia & Pacific,Lower middle income,LAK,6,"6% (social security, on gross remuneration)",https://taxsummaries.pwc.com/lao-pdr/individual/other-taxes,confirmed,2150,,7873046,1.2,2025,https://data.worldbank.org/country/LA,"LAK 2,500,000/month",https://www.rivermate.com/guides/laos,15 days,https://www.rivermate.com/guides/laos,percentage,Contribution base capped at LAK 4.5 million per month,6 days (+1 Women Day for women; Lao New Year = 3 days),https://antislaverylaw.ac.uk/wp-content/uploads/2019/08/Lao-PDR-Labour-Law.pdf,30 days paid/year (full pay),https://rivermate.com/guides/laos#statutory-leave,105 days at full pay (normal salary),https://antislaverylaw.ac.uk/wp-content/uploads/2019/08/Lao-PDR-Labour-Law.pdf,,,48 hours,https://rivermate.com/guides/laos#working-hours-x26-overtime,150% (weekday 17:00-22:00; 200% night; 250% rest day/holiday),https://antislaverylaw.ac.uk/wp-content/uploads/2019/08/Lao-PDR-Labour-Law.pdf,"30 days (physical work), 45 days (mental work)",https://antislaverylaw.ac.uk/wp-content/uploads/2019/08/Lao-PDR-Labour-Law.pdf,,,,,cause + notice,https://rivermate.com/guides/laos#notice-periods,,,Monthly,https://rivermate.com/guides/laos#payroll-cycles-x26-wage-structure,Law on Electronic Data Protection 2017 (Laos),https://www.dlapiperdataprotection.com/index.html?t=law&c=LA,Lao,https://www.rivermate.com/guides/laos,UTC+7,https://en.wikipedia.org/wiki/Time_in_Laos
Zambia,ZM,zambia,Sub-Saharan Africa ,Lower middle income,ZMW,6,6% (NAPSA pension 5% + NHIMA health 1%),https://taxsummaries.pwc.com/zambia/corporate/other-taxes,confirmed,1200,1318,21913874,5.9,2025,https://data.worldbank.org/country/ZM,"ZMW 2,313/mo (general workers)",https://www.rivermate.com/guides/zambia,24 days,https://www.rivermate.com/guides/zambia,percentage,"NAPSA employer contribution capped at ZMW 1,861.80/month (2026 charge year)",,,,,"14 wks, 100% after 24 months' service",https://www.parliament.gov.zm/sites/default/files/documents/acts/The%20Employment%20Code%20Act%20No.%203%20of%202019.pdf,5 continuous working days (after 12 months service),https://www.parliament.gov.zm/sites/default/files/documents/acts/The%20Employment%20Code%20Act%20No.%203%20of%202019.pdf,48 hours,https://rivermate.com/guides/zambia#working-hours-x26-overtime,150% (200% rest day/holiday),https://rivermate.com/guides/zambia#working-hours-x26-overtime,30 days (contracts over 3 months),https://rivermate.com/guides/zambia#notice-periods,2 months' basic pay per year of service (redundancy),https://www.parliament.gov.zm/sites/default/files/documents/acts/The%20Employment%20Code%20Act%20No.%203%20of%202019.pdf,,,cause required (strong protection),https://rivermate.com/guides/zambia#termination-offboarding,,,Monthly,https://rivermate.com/guides/zambia#payroll-cycles-x26-wage-structure,Data Protection Act No. 3 of 2021 (Zambia),https://www.dlapiperdataprotection.com/index.html?t=law&c=ZM,English,https://www.playroll.com/global-hiring-guides/zambia,UTC+2,https://en.wikipedia.org/wiki/Time_in_Zambia
Israel,IL,israel,"Middle East, North Africa, Afghanistan & Pakistan",High income,ILS,6.05,"Employer National Insurance (Bituach Leumi) 4.51% on the first ILS 7,703/month of income and 7.6% on income between ILS 7,703 and the ILS 51,910/month ceiling (for resident employees; lower rates for non-residents)",https://taxsummaries.pwc.com/israel/individual/other-taxes,confirmed,56180,60337,10122800,3.5,2025,https://data.worldbank.org/country/IL,"₪6,443.85/month",https://wageindicator.org/salary/minimum-wage/israel,12 days,https://www.cxcglobal.com/global-hiring-guide/israel/leave-time-off-in-israel/,percentage,"The 3.23%/5.17% health tax is paid by the employee, not the employer; the employer's National Insurance rate steps up from 4.51% to 7.6% above ILS 7,703/month.",,,"18 days/yr (day1 0%, days2-3 50%, day4+ 100%), employer",https://rivermate.com/guides/israel#statutory-leave,26 weeks (15 paid by National Insurance),https://rivermate.com/guides/israel#statutory-leave,7 days paid at birth (from mother's 15 weeks) + shareable maternity,https://www.btl.gov.il/English%20Homepage/Benefits/Maternity%20Insurance/Paternity/Pages/HowLong.aspx,42 hours,https://www.playroll.com/working-hours/israel,"125% first 2h, 150% after",https://www.playroll.com/working-hours/israel,1 month (after 1 year),https://rivermate.com/guides/israel#notice-periods,1 month/yr (1+yr service),https://rivermate.com/guides/israel#severance-pay,No statutory max (~3 months typical),https://intelligence.dlapiper.com/global-expansion-employment/?c=il,cause + notice,https://rivermate.com/guides/israel#termination-offboarding,,,Monthly,https://www.rivermate.com/guides/israel,Protection of Privacy Law 5741-1981,https://www.dlapiperdataprotection.com/index.html?t=law&c=IL,Hebrew,https://en.wikipedia.org/wiki/Israel,UTC+2,https://en.wikipedia.org/wiki/Israel
Iceland,IS,iceland,Europe & Central Asia,High income,ISK,6.35,"6.35% social security charge (tryggingagjald) on gross salary; separately, mandatory occupational pension requires an 11.5% employer contribution, so all-in employer cost is ~17.85%",https://taxsummaries.pwc.com/iceland/corporate/other-taxes,confirmed,89220,98323,392404,3.6,2025,https://data.worldbank.org/country/IS,,,24 working days,https://www.sgs.is/en/terms-of-employment/the-general-labor-market/important-rights/annual-leave-entitlement/,percentage,"The mandatory employer pension contribution (11.5%) is nearly double the state social security charge (6.35%) and is legally required, not optional",~14 days,https://rivermate.com/guides/iceland#public-holidays-x26-regional-holidays,"2 days/mo (yr 1), 1-2 mo (1 yr+), 4 mo (5 yrs+), up to 6 mo (10 yrs+) (employer)",https://work.iceland.is/working/workers-rights/,6 months (individual) at 80% (capped),https://rivermate.com/guides/iceland#statutory-leave,"6 months (individual) at 80% (equal, capped)",https://rivermate.com/guides/iceland#statutory-leave,40 hours,https://www.playroll.com/working-hours/iceland,Set by collective agreement (no single statutory %),https://www.playroll.com/working-hours/iceland,1-6 months (by tenure),https://rivermate.com/guides/iceland#notice-periods,None separate (salary through notice period),https://rivermate.com/guides/iceland#severance-pay,3 months (typical),https://sa.is/vinnumarkadsvefur/starfsmannamal/uppsagnir-og-starfslok/uppsagnarfrestur,cause + notice,https://rivermate.com/guides/iceland#notice-periods,Customary but not mandatory,https://www.rivermate.com/guides/iceland,Monthly,https://www.rivermate.com/guides/iceland,GDPR (EEA) + Act 90/2018,https://www.dlapiperdataprotection.com/index.html?t=law&c=IS,Icelandic,https://en.wikipedia.org/wiki/Iceland,UTC+0,https://en.wikipedia.org/wiki/Iceland
Bahamas,BS,bahamas,Latin America & Caribbean ,High income,BSD,6.65,"6.65% (National Insurance, on insurable wage; from July 2024)",https://www.nib-bahamas.com/Contributions,reported,37020,39455,403033,,2024,https://data.worldbank.org/country/BS,BSD 260/week,https://www.rivermate.com/guides/bahamas,2 weeks (10 working days),https://www.rivermate.com/guides/bahamas,percentage,"Insurable wage ceiling B$3,510/month (B$810/week); employer rate rose from 5.9% in July 2024",,,7 days paid/year (after 6 mo),https://rivermate.com/guides/bahamas#statutory-leave,12 wks (66.6% NIB + 33.3% employer),https://rivermate.com/guides/bahamas#statutory-leave,None (up to 1 wk unpaid family leave),https://rivermate.com/guides/bahamas#typical-supplemental-benefits,40 hours,https://rivermate.com/guides/bahamas#working-hours-x26-overtime,150% (200% Sunday/holiday),https://rivermate.com/guides/bahamas#working-hours-x26-overtime,None under 6 mo; 1 week (6-12 mo); 2 weeks (1 yr+); managers 1 month,https://www.ilo.org/media/326921/download,"2 weeks' pay/yr, cap 24 wks (managers 1 month/yr, cap 48 wks)",https://www.ilo.org/media/326921/download,,,cause + notice,https://rivermate.com/guides/bahamas#termination-offboarding,,,Monthly,https://rivermate.com/guides/bahamas#payroll-cycles-x26-wage-structure,Data Protection (Privacy of Personal Information) Act (Bahamas),https://www.dlapiperdataprotection.com/index.html?t=law&c=BS,English,https://www.playroll.com/global-hiring-guides/bahamas,UTC-5,https://en.wikipedia.org/wiki/Time_in_the_Bahamas
Chile,CL,chile,Latin America & Caribbean ,High income,CLP,6.8,"~6.8% from August 2026 pay: employer pension contribution 3.5% (including the SIS disability and survivorship insurance; Law 21.735), unemployment insurance 2.4% (indefinite contracts) or 3% (fixed-term), and work-accident insurance 0.9% plus a risk-based add-on of up to 3.4%",https://www.chileatiende.gob.cl/fichas/130987-aportes-del-empleador-al-sistema-de-pensiones,reported,16960,17995,19859921,9,2025,https://data.worldbank.org/country/CL,"CLP 553,553/month",https://www.dt.gob.cl/portal/1628/w3-article-60141.html,15 working days (dias habiles),https://www.dt.gob.cl/portal/1628/w3-article-60183.html,percentage,Historically Chilean employers paid almost nothing toward pensions beyond the SIS; the 2025 reform (Law 21.735) adds an employer contribution that reached 3.5% in total from August 2026 pay and keeps rising toward 8.5%.,16 days,https://www.officeholidays.com/countries/chile/2026,Subsidy from day 4 (FONASA/ISAPRE),https://rivermate.com/guides/chile#statutory-benefits,18 weeks (126 days) at 100% (subsidy),https://www.bcn.cl/api-leyfacil/servicio/ObtenerGuiaPublicadaHTML?uri=permiso-laboral-por-nacimiento,5 days at 100%,https://www.bcn.cl/api-leyfacil/servicio/ObtenerGuiaPublicadaHTML?uri=permiso-laboral-por-nacimiento,42 hours (phasing 45 to 40 by 2028),https://www.usemultiplier.com/chile/working-hours,150% (min +50%),https://www.usemultiplier.com/chile/working-hours,30 days,https://rivermate.com/guides/chile#terminations,1 month/yr (max 11 yrs),https://rivermate.com/guides/chile#statutory-benefits,None (no statutory probation),https://finiquitojusto.com/derechos-laborales/periodo-de-prueba-en-chile/,cause + notice,https://rivermate.com/guides/chile#terminations,Customary but not mandatory,https://www.rivermate.com/guides/chile,Monthly,https://www.rivermate.com/guides/chile,Law 19.628 (Law 21.719 from 2026),https://www.dlapiperdataprotection.com/index.html?t=law&c=CL,Spanish,https://en.wikipedia.org/wiki/Chile,"UTC-4 (Santiago, standard)",https://en.wikipedia.org/wiki/Time_in_Chile
Mauritius,MU,mauritius,Sub-Saharan Africa ,Upper middle income,MUR,7,"~7-10% nominal rates before contribution caps (CSG 3%, or 6% above MUR 50,000 + NSF 2.5% + training levy 1.5%)",https://taxsummaries.pwc.com/mauritius/individual/other-taxes,confirmed,14040,12991,1243741,5.6,2025,https://data.worldbank.org/country/MU,"MUR 17,745/month",https://www.rivermate.com/guides/mauritius,20 working days (+2 additional),https://www.rivermate.com/guides/mauritius,percentage,"The 7% comparison rate uses the lower CSG band before contribution caps. CSG rises to 6% above MUR 50,000 basic monthly salary; NSF has its own wage ceiling, so the effective total is salary-dependent.",15 days/year,https://www.playroll.com/employee-benefits/mauritius,15 working days paid/year,https://www.playroll.com/employee-benefits/mauritius,,,,,45 hours,https://rivermate.com/guides/mauritius#working-hours-x26-overtime,1.5x (double on public holidays),https://rivermate.com/guides/mauritius#working-hours-x26-overtime,"30 days minimum (either party, any tenure)",https://labour.govmu.org/Documents/Legislations/THE%20WORKERS%20RIGHTS%20Act%202019/A%20Consolidated%20Version%20of%20the%20Workers%27%20Rights%20Act%202019%20as%20at%209%20August%202025.pdf,3 months' remuneration per year of service (unjustified termination),https://rivermate.com/guides/mauritius#severance-pay,,,cause required (strong protection),https://rivermate.com/guides/mauritius#termination-offboarding,"Mandatory (13th), 1/12 of earnings (workers on up to Rs 100,000/month)",https://labour.govmu.org/Documents/Legislations/THE%20WORKERS%20RIGHTS%20Act%202019/A%20Consolidated%20Version%20of%20the%20Workers%27%20Rights%20Act%202019%20as%20at%209%20August%202025.pdf,Monthly,https://rivermate.com/guides/mauritius#payroll-cycles-x26-wage-structure,Data Protection Act 2017 (Mauritius),https://www.dlapiperdataprotection.com/index.html?t=law&c=MU,English,https://www.playroll.com/global-hiring-guides/mauritius,UTC+4,https://en.wikipedia.org/wiki/Time_in_Mauritius
Liechtenstein,LI,liechtenstein,Europe & Central Asia,High income,CHF,7.3,"~7-8% first pillar (AHV/IV employer ~5.3% + family allowance FAK 1.9% + unemployment), plus mandatory occupational pension (2nd pillar)",https://www.ahv.li/beitraege/arbeitnehmer-arbeitgeber/beitragsansaetze-ahv-iv-fak-vk-gueltig-ab-01012021-1-1-1,reported,116380,220167,41024,,2024,https://data.worldbank.org/country/LI,None (no national minimum wage),https://wageindicator.org/salary/minimum-wage/liechtenstein,20 days (5-day week),https://joblie.li/blog/arbeitsrecht-liechtenstein,percentage,Mandatory occupational pension (2nd pillar / BVG) adds a substantial further employer cost on top of the first pillar,,,,,20 wks paid (≥80%),https://www.llv.li/en/individuals/pregnancy-and-birth/maternity-allowance,,,45 hours (office/retail/industry),https://globaladvisoryexperts.com/working-hours-in-liechtenstein/,125% (25% premium),https://globaladvisoryexperts.com/working-hours-in-liechtenstein/,"1 month (≤1yr), 2 months (1-9yr), 3 months (>9yr)",https://globaladvisoryexperts.com/what-are-5-reasons-for-termination/,None (no statutory severance requirement),https://globaladvisoryexperts.com/what-are-5-reasons-for-termination/,,,Notice + protected grounds (no cause required),https://globaladvisoryexperts.com/what-are-5-reasons-for-termination/,Customary but not mandatory,https://ec.europa.eu/social/main.jsp?catId=1118&langId=en&intPageId=4647,Monthly,https://ec.europa.eu/social/main.jsp?catId=1118&langId=en&intPageId=4647,GDPR (EEA) + Data Protection Act (DSG) 2018 (Liechtenstein),https://www.datenschutzstelle.li/application/files/4515/8641/2923/DSG_English_final.pdf,German,https://en.wikipedia.org/wiki/Liechtenstein,UTC+1,https://en.wikipedia.org/wiki/Time_in_Liechtenstein
Kenya,KE,kenya,Sub-Saharan Africa ,Lower middle income,KES,7.5,"~7.5% employer: NSSF pension ~6% of pensionable pay (Tier I+II, employer matches employee, capped) plus Affordable Housing Levy 1.5%. SHIF health 2.75% is deducted from the employee, not matched by the employer.",https://taxsummaries.pwc.com/kenya/individual/other-taxes,confirmed,2200,2363,57532493,5.4,2025,https://data.worldbank.org/country/KE,"KES 16,113.75/month (general worker, major urban areas)",https://remotepeople.com/countries/kenya/employer-of-record/minimum-wage/,21 working days,https://wageindicator.org/en-ke/work-in-kenya/labour-law/annual-leave-and-holidays,percentage,"The NSSF employer contribution is capped at KES 6,480/month per employee (Tier I+II matching), so it is highly regressive; the 1.5% Affordable Housing Levy was introduced in 2024 with no cap.","11 days (incl. movable Good Friday, Easter Monday, Idd-ul-Fitr)",https://policyvault.africa/wp-content/uploads/policy/KEN1029.pdf,7 days full + 7 days half (after 2 mo service),https://rivermate.com/guides/kenya#statutory-leave,3 months (~13 wks) at 100%,https://rivermate.com/guides/kenya#statutory-leave,2 weeks at full pay (100%),https://mwakili.com/resources/legal-docs-plain-text/EmploymentAct2007,52 hours (non-shift),https://wageindicator.org/en-ke/work-in-kenya/labour-law/compensation-and-working-time/,"150% weekday, 200% rest day/holiday",https://wageindicator.org/en-ke/work-in-kenya/labour-law/compensation-and-working-time/,1 month (monthly-paid),https://rivermate.com/guides/kenya#notice-periods,15 days/yr (redundancy),https://rivermate.com/guides/kenya#severance-pay,6 months (extendable to 12 total),https://www.amadvocates.com/judgment-handed-down-on-termination-of-probationary-employees/,cause + notice,https://rivermate.com/guides/kenya#termination-offboarding,Not customary,https://www.rivermate.com/guides/kenya,Monthly,https://www.rivermate.com/guides/kenya,Data Protection Act 2019,https://www.dlapiperdataprotection.com/index.html?t=law&c=KE,English; Swahili,https://en.wikipedia.org/wiki/Kenya,UTC+3,https://en.wikipedia.org/wiki/Kenya
Canada,CA,canada,North America,High income,CAD,8,"~7-11% (employer CPP 5.95% + CPP2 4.00% on the upper band + EI 2.28%; all capped, so the effective rate falls at higher salaries)",https://taxsummaries.pwc.com/canada/individual/other-taxes,confirmed,56420,55698,41651653,6.9,2025,https://data.worldbank.org/country/CA,"C$18.15/hour (federal, from 1 Apr 2026)",https://www.littler.com/news-analysis/asap/canada-minimum-wage-increases-2026,"2 weeks (10 days), federal",https://laws-lois.justice.gc.ca/eng/acts/L-2/section-184.html,percentage,"Contributions are capped (2026 employer CPP max ~CAD 4,230, EI ~CAD 1,572); Quebec uses QPP (6.30%) instead of CPP.",10 (federal),https://laws-lois.justice.gc.ca/eng/acts/L-2/section-166.html,"10 days/yr paid medical leave (federal, employer)",https://laws-lois.justice.gc.ca/eng/acts/L-2/section-239.html,15 weeks at 55% (EI),https://laws-lois.justice.gc.ca/eng/acts/E-5.6/FullText.html,None dedicated; up to 40 wks shared parental at 55% (EI),https://laws-lois.justice.gc.ca/eng/acts/E-5.6/FullText.html,40 hours,https://www.deel.com/blog/global-overtime-laws-by-country/,150%,https://www.deel.com/blog/global-overtime-laws-by-country/,"1-8 weeks (Ontario, by tenure)",https://www.ontario.ca/document/your-guide-employment-standards-act-0/termination-employment,"1 week/yr, max 26 weeks (Ontario, 5+ yrs)",https://www.ontario.ca/document/your-guide-employment-standards-act-0/severance-pay,~3 months (no fixed statutory max),https://www.ontario.ca/document/your-guide-employment-standards-act-0/termination-employment,Notice + protected grounds (no cause required),https://www.ontario.ca/document/your-guide-employment-standards-act-0/termination-employment,,,"Employer-set (weekly, bi-weekly, semi-monthly or monthly)",https://www.ontario.ca/document/employment-standard-act-policy-and-interpretation-manual/part-v-payment-wages,PIPEDA (federal),https://www.dlapiperdataprotection.com/index.html?t=law&c=CA,English; French,https://en.wikipedia.org/wiki/Canada,UTC-5 (Toronto) to UTC-8 (Vancouver),https://en.wikipedia.org/wiki/Time_in_Canada
Angola,AO,angola,Sub-Saharan Africa ,Lower middle income,AOA,8,"8% (social security, on gross income)",https://taxsummaries.pwc.com/angola/individual/other-taxes,confirmed,,3129,39040039,,2025,https://data.worldbank.org/country/AO,"AOA 70,000/month",https://www.rivermate.com/guides/angola,22 days,https://www.rivermate.com/guides/angola,percentage,"Employee contributes 3%; funds family, pension and unemployment protection",12 days/year,https://lex.ao/docs/assembleia-nacional/2018/lei-n-o-11-18-de-28-de-setembro/,,,3 months (~13 wks) paid,https://rivermate.com/guides/angola#statutory-leave,1 day paid (+7 working days unpaid),https://natlex.ilo.org/dyn/natlex2/natlex2/files/download/117287/L%2012%2023%20ANG.pdf,44 hours,https://rivermate.com/guides/angola#working-hours-x26-overtime,"150% (first 30 h/month), 175% beyond; rest day 175%",https://natlex.ilo.org/dyn/natlex2/natlex2/files/download/117287/L%2012%2023%20ANG.pdf,30 days (60 days for collective dismissal),https://natlex.ilo.org/dyn/natlex2/natlex2/files/download/117287/L%2012%2023%20ANG.pdf,,,,,cause + notice,https://rivermate.com/guides/angola#termination-offboarding,Mandatory (13th),https://rivermate.com/guides/angola#payroll-cycles-x26-wage-structure,Monthly,https://rivermate.com/guides/angola#payroll-cycles-x26-wage-structure,Data Protection Law (Law 22/11) 2011 (Angola),https://www.dlapiperdataprotection.com/index.html?t=law&c=AO,Portuguese,https://www.playroll.com/global-hiring-guides/angola,UTC+1,https://en.wikipedia.org/wiki/Time_in_Angola
Bangladesh,BD,bangladesh,South Asia,Lower middle income,BDT,8,~7-8% (employer matches employee provident fund of 7-8% of salary),https://taxsummaries.pwc.com/bangladesh/individual/other-taxes,confirmed,,,175686899,3.8,2024,https://data.worldbank.org/country/BD,"No national rate (BDT 12,500/mo, garment sector)",https://www.rivermate.com/guides/bangladesh,1 paid day per 18 days worked,https://www.rivermate.com/guides/bangladesh,percentage,Provident fund applies only where three-fourths of workers request it in writing; a separate gratuity is payable on termination,"11 (festival holidays, paid)",https://rivermate.com/guides/bangladesh#public-holidays-x26-regional-holidays,14 days full pay/year,https://rivermate.com/guides/bangladesh#statutory-leave,16 wks (8 before + 8 after) at average wages,https://mccibd.org/wp-content/uploads/2021/09/Bangladesh-Labour-Act-2006_English-Upto-2018.pdf,None (no statutory entitlement),https://rivermate.com/guides/bangladesh/leave,48 hours,https://rivermate.com/guides/bangladesh#working-hours-x26-overtime,200% (double basic + DA),https://rivermate.com/guides/bangladesh#working-hours-x26-overtime,"60 days (permanent monthly-paid; 30 days others), pay in lieu allowed",https://rivermate.com/guides/bangladesh#notice-periods,30 days' wages per completed year of service,https://rivermate.com/guides/bangladesh#severance-pay,6 months,https://mypihr.com/employee-termination-bangladesh/,cause + notice,https://rivermate.com/guides/bangladesh#termination-offboarding,"Mandatory (2 festival bonuses/yr, each up to 1 month basic)",https://bef.org.bd/wp-content/uploads/2021/08/Bangladesh-Labour-Rules-2015-English_Unofficial.pdf,Monthly,https://rivermate.com/guides/bangladesh#payroll-cycles-x26-wage-structure,Personal Data Protection Ordinance 2025 (Bangladesh),https://securiti.ai/bangladesh-personal-data-protection-act-overview/,Bengali (Bangla),https://www.playroll.com/global-hiring-guides/bangladesh,UTC+6,https://en.wikipedia.org/wiki/Time_in_Bangladesh
Fiji,FJ,fiji,East Asia & Pacific,Upper middle income,FJD,8,"8% (Fiji National Provident Fund, on gross wages; temporary rate from 1 Aug 2026, was 10%)",https://myfnpf.com.fj/2026/07/15/employer-contribution-rate-change/,confirmed,6230,,933154,5.3,2025,https://data.worldbank.org/country/FJ,FJD 5.00/hour,https://www.rivermate.com/guides/fiji,10 days,https://www.rivermate.com/guides/fiji,percentage,Mandatory retirement provident fund; the employer rate fell from 10% to 8% on 1 August 2026 as temporary budget relief; employee also contributes 8%,,,10 days paid/year (after 3 mo),https://rivermate.com/guides/fiji#statutory-benefits,98 days (14 wks) paid; full pay first 3 births,https://rivermate.com/guides/fiji#statutory-benefits,5 days paid,https://rivermate.com/guides/fiji#statutory-benefits,48 hours (45 on a 5-day week),https://natlex.ilo.org/dyn/natlex2/natlex2/files/download/76385/FJI76385.pdf,Sector wage regulations (some +50%); double on rest days/holidays,https://rivermate.com/guides/fiji#statutory-benefits,"7 days (weekly-paid), 14 days (fortnightly), 1 month (monthly-paid)",https://natlex.ilo.org/dyn/natlex2/natlex2/files/download/76385/FJI76385.pdf,1 week's wages per complete year of service (redundancy),https://natlex.ilo.org/dyn/natlex2/natlex2/files/download/76385/FJI76385.pdf,,,cause + notice,https://rivermate.com/guides/fiji#terminations-and-notice-periods,,,"Weekly, fortnightly, twice-monthly or monthly",https://frcs.org.fj/public-notice/customer-service-update-pay-day-reporting-for-employers/,None (no comprehensive law; constitutional privacy),https://www.dlapiperdataprotection.com/index.html?t=law&c=FJ,English,https://www.playroll.com/global-hiring-guides/fiji,UTC+12,https://en.wikipedia.org/wiki/Time_in_Fiji
Rwanda,RW,rwanda,Sub-Saharan Africa ,Low income,RWF,8.3,"8.3% employer RSSB: pension 6.0%, occupational hazards 2.0%, and maternity leave benefits 0.3% of gross salary.",https://taxsummaries.pwc.com/rwanda/corporate/other-taxes,confirmed,1150,1124,14569341,11.4,2025,https://data.worldbank.org/country/RW,,,18 working days,https://wageindicator.org/en-rw/work-in-rwanda/labour-law/annual-leave-and-holidays,percentage,The pension component is legislated to more than double: rising to 7% employer (14% total) on 1 January 2027 and 10% employer (20% total) by January 2030.,,,,,,,,,40 hours,https://www.mifotra.gov.rw/fileadmin/user_upload/Mifotra/Publication/6.MINISTERIAL_ORDERS/Ministerial_Order_on_employment_contracts_in_P._Service_and_working_hours_in_P_P_sectors_2023.pdf,100% (no premium; time off in lieu within 30 days),https://www.mifotra.gov.rw/fileadmin/user_upload/Mifotra/Publication/6.MINISTERIAL_ORDERS/Ministerial_Order_on_employment_contracts_in_P._Service_and_working_hours_in_P_P_sectors_2023.pdf,15 days-1 month (by tenure),https://rivermate.com/guides/rwanda#notice-periods,2-7 months pay (by tenure; economic or sickness dismissal),https://www.mifotra.gov.rw/fileadmin/user_upload/Mifotra/Publication/3.LAWS/New_Labour_Law_2018.pdf,6 months (3mo + 3mo extension),https://wageindicator.org/en-rw/work-in-rwanda/labour-law/contracts-and-dismissals/,cause + notice,https://rivermate.com/guides/rwanda#notice-periods,Not customary,https://www.rivermate.com/guides/rwanda,Monthly,https://www.rivermate.com/guides/rwanda,Law No. 058/2021,https://www.dlapiperdataprotection.com/index.html?t=law&c=RW,Kinyarwanda; English; French; Swahili,https://en.wikipedia.org/wiki/Rwanda,UTC+2,https://en.wikipedia.org/wiki/Rwanda
Guyana,GY,guyana,Latin America & Caribbean ,High income,GYD,8.4,"8.4% (National Insurance, on insurable earnings)",https://taxsummaries.pwc.com/guyana/individual/other-taxes,confirmed,,,835986,12,2024,https://data.worldbank.org/country/GY,"GYD 60,000/month (private sector)",https://www.rivermate.com/guides/guyana,12 days (1 day/month),https://www.rivermate.com/guides/guyana,percentage,"Insurable earnings capped at GYD 280,000/month",15 days/year,https://www.officeholidays.com/countries/guyana/2026,No employer-paid; NIS 70% after 3 days (up to 26 wks),https://rivermate.com/guides/guyana#statutory-benefits,13 wks paid (NIS),https://rivermate.com/guides/guyana#statutory-benefits,None (no statutory entitlement),https://rivermate.com/guides/guyana#statutory-benefits,40 hours,https://rivermate.com/guides/guyana#statutory-benefits,150% (200% Sunday/holiday),https://rivermate.com/guides/guyana#statutory-benefits,"2 weeks (<1 yr), 1 month (1 yr+)",https://mola.gov.gy/laws/Volume%2018%20Cap.%2091.02%20-%2096.011695660952.pdf,"1 wk/yr (yrs 1-5), 2 wks/yr (6-10), 3 wks/yr (11+), max 52 wks",https://mola.gov.gy/laws/Volume%2018%20Cap.%2091.02%20-%2096.011695660952.pdf,,,cause + notice,https://rivermate.com/guides/guyana#notice-periods-and-terminations,,,Monthly,https://rivermate.com/guides/guyana#base-salary,Data Protection Act 2023 (Guyana),https://www.parliament.gov.gy/publications/acts-of-parliament/dataprotectionact18of2023,English,https://www.playroll.com/global-hiring-guides/guyana,UTC-4,https://en.wikipedia.org/wiki/UTC%E2%88%9204:00
Papua New Guinea,PG,papua-new-guinea,East Asia & Pacific,Lower middle income,PGK,8.4,"8.4% (superannuation, on gross basic salary)",https://taxsummaries.pwc.com/papua-new-guinea/individual/other-taxes,confirmed,2890,3020,10762817,2.6,2025,https://data.worldbank.org/country/PG,PGK 5.00/hour,https://www.rivermate.com/guides/papua-new-guinea,14 consecutive days,https://www.rivermate.com/guides/papua-new-guinea,percentage,Compulsory for employers with 15+ employees; membership compulsory for citizens working 59+ days per quarter,,,6 days paid/year,https://rivermate.com/guides/papua-new-guinea#statutory-leave,Unpaid (private sector); public sector 12 wks,https://rivermate.com/guides/papua-new-guinea#statutory-leave,None (no statutory entitlement),https://devpolicy.org/maternity-and-paternity-leave-in-the-pacific-a-work-in-progress-20260514/,44 hours,https://rivermate.com/guides/papua-new-guinea#working-hours-x26-overtime,150% (weekday; 200% weekend),https://rivermate.com/guides/papua-new-guinea#working-hours-x26-overtime,"1 day (<4wk), 1 wk (4wk-1yr), 2 wks (1-5yr), 4 wks (5yr+)",https://rivermate.com/guides/papua-new-guinea#notice-periods,None (no statutory severance or redundancy pay),https://eplex.ilo.org/en/country-detail?code=PNG&yr=2026,,,cause + notice,https://rivermate.com/guides/papua-new-guinea#notice-periods,,,Monthly,https://rivermate.com/guides/papua-new-guinea#payroll-cycles-x26-wage-structure,None (no comprehensive law; Cyber Security Policy 2021),https://www.dataguidance.com/jurisdiction/papua-new-guinea,English,https://www.playroll.com/global-hiring-guides/papua-new-guinea,UTC+10,https://en.wikipedia.org/wiki/Time_in_Papua_New_Guinea
Brunei,BN,brunei,East Asia & Pacific,High income,BND,8.5,"~8.5-10.5% (tiered employer contribution to national retirement scheme SPK, formerly TAP; min BND 57.50)",https://taxsummaries.pwc.com/brunei-darussalam/individual/other-taxes,reported,34790,,466330,5.3,2025,https://data.worldbank.org/country/BN,BND 500/month,https://wageindicator.org/salary/minimum-wage/brunei,7 days (rising to max 14),https://www.globalization-partners.com/globalpedia/brunei/compensation-benefits/,percentage,Applies only to Brunei citizens and permanent residents; foreign employees are excluded,,,,,,,,,44 hours,https://www.safeguardglobal.com/country/brunei/employment-law/,150%,https://www.safeguardglobal.com/country/brunei/employment-law/,,,None (no statutory severance; contractual/redundancy only),https://www.safeguardglobal.com/country/brunei/employment-law/,90 days (extendable by a further 90 days),https://remotepeople.com/countries/brunei/employer-of-record/probation-period/,cause + notice,https://www.safeguardglobal.com/country/brunei/employment-law/,Customary but not mandatory,https://remotepeople.com/countries/brunei/employer-of-record/payroll-tax/,Monthly,https://remotepeople.com/countries/brunei/employer-of-record/payroll-tax/,Personal Data Protection Order 2025 (Brunei),https://www.dlapiperdataprotection.com/index.html?t=law&c=BN,Malay,https://www.neeyamo.com/global-guide/brunei,UTC+8,https://en.wikipedia.org/wiki/Time_in_Brunei
United States,US,united-states,North America,High income,USD,9,"~8-10% (FICA 7.65%: Social Security 6.2% to the wage base + Medicare 1.45%, plus FUTA 0.6% and variable state SUTA)",https://www.irs.gov/taxtopics/tc751,confirmed,88810,90027,341784857,4.2,2025,https://data.worldbank.org/country/US,$7.25/hour,https://www.paycom.com/resources/blog/minimum-wage-rate-by-state/,,,percentage,"Social Security is taxed only up to a wage base (~$184,500 in 2026); Medicare has no cap; state SUTA varies by state and experience rating.",11 federal (no paid mandate),https://rivermate.com/guides/united-states-of-america#public-x26-regional-holidays,None (no federal statutory paid sick leave),https://rivermate.com/guides/united-states-of-america#statutory-leave,None paid; 12 weeks unpaid (FMLA),https://www.dol.gov/agencies/whd/fmla,None paid; 12 weeks unpaid (FMLA),https://www.dol.gov/agencies/whd/fmla,40 hours (FLSA OT threshold; no statutory cap),https://www.deel.com/blog/global-overtime-laws-by-country/,150% (time and a half),https://www.deel.com/blog/global-overtime-laws-by-country/,None (at-will; WARN Act 60 days for mass layoffs),https://leglobal.law/countries/usa/employment-law/employment-law-overview-usa/07-termination-of-employment-contracts/,None (no statutory severance),https://leglobal.law/countries/usa/employment-law/employment-law-overview-usa/07-termination-of-employment-contracts/,,,at-will,https://leglobal.law/countries/usa/employment-law/employment-law-overview-usa/07-termination-of-employment-contracts/,,,Bi-weekly,https://www.bls.gov/ces/publications/length-pay-period.htm,"No comprehensive federal law (sectoral + state, e.g. CCPA)",https://www.dlapiperdataprotection.com/index.html?t=law&c=US,English,https://en.wikipedia.org/wiki/United_States,UTC-5 (New York) to UTC-8 (Los Angeles),https://en.wikipedia.org/wiki/Time_in_the_United_States
Peru,PE,peru,Latin America & Caribbean ,Upper middle income,PEN,9,"9% of total monthly compensation to EsSalud (public health insurance). Pension contributions (~13% to AFP/ONP) are borne by the employee, so EsSalud is the employer's main statutory payroll cost.",https://taxsummaries.pwc.com/peru/individual/other-taxes,confirmed,8430,9684,34576665,5.1,2025,https://data.worldbank.org/country/PE,"S/ 1,130/month",https://www.elperuano.pe/noticia/260831-remuneracion-minima-vital-se-incrementa-a-1130-soles-a-partir-del-1-enero-de-2025,30 calendar days,https://www.geovictoria.com/es-pe/blog/decreto-legislativo-713/,percentage,"The 9% EsSalud contribution is calculated on a minimum base equal to the minimum living wage, even for lower or part-time pay.",16 days,https://rpp.pe/peru/actualidad/feriados-2026-la-lista-completa-de-los-16-feriados-nacionales-del-peru-noticia-1669432,"First 20 days at 100% (employer), then EsSalud",https://rivermate.com/guides/peru#statutory-leave,98 days (14 wks) at 100% (EsSalud),https://rivermate.com/guides/peru#statutory-leave,10 days at 100% (employer),https://rivermate.com/guides/peru#statutory-leave,48 hours,https://www.playroll.com/working-hours/peru,"125% first 2h, 135% after",https://www.playroll.com/working-hours/peru,6 days (misconduct) or 30 days (capability),https://eplex.ilo.org/country-detail/?code=PER&yr=2013,"1.5 months/yr (arbitrary dismissal, cap 12)",https://rivermate.com/guides/peru#severance-pay,3 months (6-12 for skilled/managers),https://leglobal.law/countries/peru/employment-law/employment-law-overview-peru-2/02-employment-contracts/,cause required (strong protection),https://rivermate.com/guides/peru#termination-offboarding,Mandatory (13th + 14th),https://www.rivermate.com/guides/peru,Monthly,https://www.rivermate.com/guides/peru,Law No. 29733,https://www.dlapiperdataprotection.com/index.html?t=law&c=PE,Spanish,https://en.wikipedia.org/wiki/Peru,UTC-5,https://en.wikipedia.org/wiki/Peru
Switzerland,CH,switzerland,Europe & Central Asia,High income,CHF,9.5,"~7.6-11.4% baseline (old-age/survivors/disability AHV/IV/EO 5.3%, unemployment ALV 1.1%, family-compensation fund 1-2%, occupational-accident 0.17-3%), PLUS an employer-specific mandatory occupational-pension (BVG, 2nd pillar) contribution",https://taxsummaries.pwc.com/switzerland/individual/other-taxes,confirmed,110330,114769,9092436,4.9,2025,https://data.worldbank.org/country/CH,,,20 days (4 weeks),https://vacationtracker.io/leave-laws/europe/switzerland/,percentage,"The mandatory 2nd-pillar occupational pension (BVG) is plan-specific, so the headline social-security percentage understates the true employer cost.",1 federal (Aug 1) + up to 8 cantonal,https://www.seco.admin.ch/seco/de/home/Arbeit/Personenfreizugigkeit_Arbeitsbeziehungen/Arbeitsrecht/FAQ_zum_privaten_Arbeitsrecht/freizeit-und-feiertage.html,3 wks+ by tenure (employer); often 80% via insurance,https://rivermate.com/guides/switzerland#annual_leave_maternity_leave_x26_sick_leave_in_switzerland,14 weeks at 80% (federal insurance),https://rivermate.com/guides/switzerland#annual_leave_maternity_leave_x26_sick_leave_in_switzerland,2 weeks (10 days) at 80%,https://www.ahv-iv.ch/p/6.04.d,45 hours (office/industry; 50h others),https://www.ch.ch/en/work/working-hours/contractual-and-statutory-overtime/,125% (min +25%),https://www.ch.ch/en/work/working-hours/contractual-and-statutory-overtime/,7 days-3 months (by tenure),https://rivermate.com/guides/switzerland#notice_periods_and_termination_in_switzerland,None (unless 50+ & 20yr: 2-8 months),https://rivermate.com/guides/switzerland#severance_pay_when_is_it_required_under_swiss_law,3 months,https://www.swissrights.ch/gesetze/Artikel-335b-OR-2025-EN.php,at-will,https://rivermate.com/guides/switzerland#termination-offboarding,Customary but not mandatory,https://www.rivermate.com/guides/switzerland,Monthly,https://www.rivermate.com/guides/switzerland,revFADP (2023),https://www.dlapiperdataprotection.com/index.html?t=law&c=CH,German; French; Italian; Romansh,https://en.wikipedia.org/wiki/Switzerland,UTC+1,https://en.wikipedia.org/wiki/Switzerland
Malta,MT,malta,"Middle East, North Africa, Afghanistan & Pakistan",High income,EUR,10,"10% of the employee's salary, capped: a fixed EUR 55.93/week applies once annual salary exceeds EUR 29,084 (2026), for employees born on/after 1 Jan 1962",https://taxsummaries.pwc.com/malta/individual/other-taxes,confirmed,41440,47907,579704,2.9,2025,https://data.worldbank.org/country/MT,€229.44/week,https://maltasalarycalc.com/malta-minimum-wage-2026/,24 days (192 hours),https://www.ccmalta.com/insights/amendment-to-employees-malta-annual-leave-entitlement,percentage,"Because the contribution is capped at a fixed weekly amount, the effective employer rate falls below 10% for salaries above ~EUR 29,000",14 days,https://rivermate.com/guides/malta#public-x26-regional-holidays,"Employer first days, then social security benefit",https://rivermate.com/guides/malta#statutory-leave,18 weeks (14 paid by employer + benefit),https://rivermate.com/guides/malta#statutory-leave,10 working days at 100% (employer),https://legislation.mt/getpdf/6a3e30ffffa4483da084eb7b,40 hours,https://www.playroll.com/working-hours/malta,150%,https://mywage.org/malta/labour-law/compensation,1-12 weeks (by tenure),https://rivermate.com/guides/malta#notice-periods,None (no statutory severance; notice or pay in lieu only),https://apps.eurofound.europa.eu/legislationdb/severance-payredundancy-compensation/malta,6 months (12 for senior/technical),https://gvzh.mt/insights/probation-maltese-employment-law/,cause + notice,https://rivermate.com/guides/malta#termination-offboarding,"Mandatory statutory bonuses (fixed, quarterly)",https://www.rivermate.com/guides/malta,Monthly,https://www.rivermate.com/guides/malta,GDPR (EU) + Data Protection Act,https://www.dlapiperdataprotection.com/index.html?t=law&c=MT,Maltese; English,https://en.wikipedia.org/wiki/Malta,UTC+1,https://en.wikipedia.org/wiki/Malta
Uganda,UG,uganda,Sub-Saharan Africa ,Low income,UGX,10,"10% of each employee's gross pay to the National Social Security Fund (NSSF), on top of the employee's 5% contribution.",https://taxsummaries.pwc.com/uganda/individual/other-taxes,confirmed,1120,1206,51384894,2.7,2025,https://data.worldbank.org/country/UG,"USh 6,000/month",https://wageindicator.org/en-ug/work-in-uganda/minimum-wage/,21 working days,https://wageindicator.org/en-ug/work-in-uganda/labour-law/annual-leave-and-holidays/,percentage,"There is no salary cap on the 10% employer NSSF contribution, so the cost scales with the full gross salary.",14 days,https://www.officeholidays.com/countries/uganda/2026,,,60 working days (~12 wks) at 100%,https://rivermate.com/guides/uganda#statutory-leave,4 working days at 100%,https://rivermate.com/guides/uganda#statutory-leave,48 hours,https://www.usemultiplier.com/uganda/employment-laws,150% (200% public holiday),https://www.usemultiplier.com/uganda/employment-laws,2 weeks-3 months (by tenure),https://rivermate.com/guides/uganda#notice-periods,Negotiable (no statutory formula),https://eplex.ilo.org/country-detail/?code=UGA&yr=2013,6 months (up to 12 total),"https://bills.parliament.ug/attachments/Laws%20of%20Uganda%20(Acts)%20-%20THE%20EMPLOYMENT%20ACT,%202006.pdf",cause + notice,https://rivermate.com/guides/uganda#termination-offboarding,,,Monthly,https://www.rivermate.com/guides/uganda,Data Protection and Privacy Act 2019,https://www.dlapiperdataprotection.com/index.html?t=law&c=UG,English; Swahili,https://en.wikipedia.org/wiki/Uganda,UTC+3,https://en.wikipedia.org/wiki/Uganda
Malawi,MW,malawi,Sub-Saharan Africa ,Low income,MWK,10,10% (statutory minimum employer pension contribution; employee 5%),https://www.labour.gov.mw/images/documents/Malawi-Pension-Act_2023.pdf,reported,600,,22216120,5.1,2025,https://data.worldbank.org/country/MW,"MWK 126,000/month (general workers)",https://www.rivermate.com/guides/malawi,15 days (5-day week),https://www.rivermate.com/guides/malawi,percentage,10% is a minimum; may be revised upward by agreement between employer and employee,,,4 wks full + 8 wks half pay/year,https://rivermate.com/guides/malawi#statutory-leave,8 wks full pay (every 3 yrs),https://rivermate.com/guides/malawi#statutory-leave,None (no statutory entitlement),https://rivermate.com/guides/malawi#statutory-leave,48 hours,https://rivermate.com/guides/malawi#working-hours-x26-overtime,150% (200% Sunday/holiday),https://rivermate.com/guides/malawi#overtime-x26-minimums,"1 wk (<6mo), 2 wks (6mo-2yr), 1 month (2-5yr), 3 months (5yr+)",https://rivermate.com/guides/malawi#notice-periods,,,,,cause required (strong protection),https://www.labour.gov.mw/images/documents/employment-act.pdf,,,Monthly,https://rivermate.com/guides/malawi#payroll-cycles-x26-wage-structure,Data Protection Act 2024 (Malawi),https://malawilii.org/akn/mw/act/gn/2024/40/eng@2024-05-31,English,https://www.playroll.com/global-hiring-guides/malawi,UTC+2,https://en.wikipedia.org/wiki/Time_in_Malawi
Pakistan,PK,pakistan,"Middle East, North Africa, Afghanistan & Pakistan",Lower middle income,PKR,11,"EOBI (federal old-age pension) 5% + provincial social security (SESSI 7% / PESSI 6%) ~6-7%, both calculated on minimum-wage-linked bases, not actual salary",https://taxsummaries.pwc.com/pakistan/individual/other-taxes,reported,1500,1596,255219554,5.4,2025,https://data.worldbank.org/country/PK,"₨37,000/month (federal)",https://employsome.com/hire/pakistan/minimum-wage-pakistan/,14 days,https://wageindicator.org/en-pk/work-in-pakistan/labour-law/annual-leave-and-holidays/,percentage,"Contribution bases are capped near the provincial minimum wage (PKR 37,000-40,000 in 2025), so the effective percentage falls sharply as salary rises",,,16 days/yr at half pay,https://www.nasirlawsite.com/laws/factory.htm,12 weeks (84 days) at 100%,https://www.nasirlawsite.com/laws/mbo.htm,None uniform statute (30 days full pay in federal-controlled establishments),https://natlex.ilo.org/dyn/natlex2/natlex2/files/download/115319/64b6676a17d37_647.pdf,48 hours,https://www.nasirlawsite.com/laws/shops.htm,200% (double),https://www.nasirlawsite.com/laws/shops.htm,1 month (permanent employees),https://rivermate.com/guides/pakistan#notice-periods,"~30 days' wages/yr (gratuity, 1+yr)",https://rivermate.com/guides/pakistan#severance-pay,3 months,https://www.nasirlawsite.com/laws/standing.htm,cause + notice,https://rivermate.com/guides/pakistan#notice-periods,Customary but not mandatory,https://www.rivermate.com/guides/pakistan,Monthly,https://www.nasirlawsite.com/laws/powages.htm,None comprehensive (PDPB draft; PECA 2016),https://www.dlapiperdataprotection.com/index.html?t=law&c=PK,Urdu; English,https://en.wikipedia.org/wiki/Pakistan,UTC+5,https://en.wikipedia.org/wiki/Pakistan
Ethiopia,ET,ethiopia,Sub-Saharan Africa ,Low income,ETB,11,"11% (pension, on basic salary)",https://taxsummaries.pwc.com/ethiopia/individual/other-taxes,confirmed,,,135472051,3.3,2024,https://data.worldbank.org/country/ET,None (no national minimum wage),https://www.rivermate.com/guides/ethiopia,16 working days,https://www.rivermate.com/guides/ethiopia,percentage,Charged on basic salary (not gross); private-organisation social security scheme (employee adds 7%),,,"Up to 6 months (1 mo 100%, next 2 mo 50%)",https://www.skuad.io/leave-policy/ethiopia,120 days (~17 wks) full pay,https://www.skuad.io/leave-policy/ethiopia,3 days paid,https://www.skuad.io/leave-policy/ethiopia,48 hours,https://rivermate.com/guides/ethiopia#working-hours-x26-overtime,125% (weekday; 250% holidays),https://rivermate.com/guides/ethiopia#overtime-x26-minimums,"1 month (up to 1yr), 2 months (1-9yr), 3 months (over 9yr)",https://eplex.ilo.org/en/country-detail/?code=ETH&yr=2025,30 days wage for yr1 + 10 days/yr thereafter (max 12 months),https://ethiodata.et/wp-content/uploads/2023/01/Ethiopia-Labour-Proclamation-No.-1156_2019.pdf,,,cause + notice,https://rivermate.com/guides/ethiopia#notice-periods,,,Monthly,https://rivermate.com/guides/ethiopia#payroll-cycles-x26-wage-structure,Personal Data Protection Proclamation No. 1321/2024 (Ethiopia),https://digitalpolicyalert.org/event/24914-adopted-personal-data-protection-proclamation-proclamation-no-13212024-including-data-transfer-regulation,Amharic,https://www.rivermate.com/guides/ethiopia,UTC+3,https://en.wikipedia.org/wiki/Time_in_Ethiopia
Honduras,HN,honduras,Latin America & Caribbean ,Lower middle income,HNL,11.2,~11.2-14.4% (IHSS health 5% + pension IVM 3.5% + RAP 1.5% + INFOP 1% + work-injury 0.2-3.4%),https://www.pwc.com/ia/es/publicaciones/Noticias-Tax-Legal/Tax-and-legal-2025/cotizaciones-2025-IHSS.pdf,confirmed,,,11005850,,2024,https://data.worldbank.org/country/HN,"HNL 12,192-12,911/mo (varies by size)",https://www.rivermate.com/guides/honduras,"10 days (yr 1), rising to 20",https://www.rivermate.com/guides/honduras,percentage,"IHSS contributions capped at a monthly income of HNL 10,000 per the cited guide; work-injury rate varies by risk",,,,,12 wks (6 pre/6 post); IHSS 66% + employer to 100%,https://leyesigualdadgeneroiberoamerica.org/en/country/honduras-en/,None statutory,https://rivermate.com/guides/honduras#statutory-leave,44 hours (day work),https://rivermate.com/guides/honduras#working-hours-x26-overtime,125% (day; 200% rest/holiday),https://www.trabajo.gob.hn/wp-content/uploads/2022/09/Codigo-del-Trabajo-y-sus-Reformas.pdf,Up to 2 months (by tenure; 2 months at 2yr+),https://rivermate.com/guides/honduras#notice-periods,1 month salary per year of service (capped at 25 months),https://rivermate.com/guides/honduras#severance-pay,,,cause + notice,https://rivermate.com/guides/honduras#notice-periods,Mandatory (13th + 14th),https://rivermate.com/guides/honduras#typical-supplemental-benefits,Monthly or bi-weekly,https://rivermate.com/guides/honduras#payroll-cycles-x26-wage-structure,None (no comprehensive law; constitutional habeas data),https://www.dlapiperdataprotection.com/index.html?t=law&c=HN,Spanish,https://www.playroll.com/global-hiring-guides/honduras,UTC-6,https://en.wikipedia.org/wiki/Time_in_Honduras
Ireland,IE,ireland,Europe & Central Asia,High income,EUR,11.25,~11.25% (employer PRSI Class A1 higher rate); an 8.9% reduced rate applies on lower weekly earnings,https://taxsummaries.pwc.com/ireland/individual/other-taxes,confirmed,87360,131592,5484367,4.6,2025,https://data.worldbank.org/country/IE,"€14.15/hour (age 20+, from 1 Jan 2026)",https://www.ibec.ie/employer-hub/latest-hr-and-ir-news/news/2025/12/22/national-minimum-wage-increases-to-14-euro-15-cent-per-hour-from-january-1-2026,4 weeks (20 days),https://www.leavebalance.com/leave-laws/ie/annual/,percentage,Notably low employer burden versus EU peers; employer PRSI is nearly the entire statutory employer cost. Rising incrementally (to ~11.40% from Oct 2026).,10 days,https://rivermate.com/guides/ireland#public-holidays-x26-regional-holidays,"5 days at 70% (employer, max EUR 110/day)",https://www.citizensinformation.ie/en/employment/employment-rights-and-conditions/leave-and-holidays/sick-leave/,26 weeks (State Maternity Benefit) + 16 wks unpaid,https://rivermate.com/guides/ireland#statutory-leave,2 weeks (State Paternity Benefit),https://rivermate.com/guides/ireland#statutory-leave,"39 hours (48h statutory max, avg)",https://www.citizensinformation.ie/en/employment/employment-rights-and-conditions/hours-of-work/working-hours/,No statutory rate (contract/CBA),https://www.citizensinformation.ie/en/employment/employment-rights-and-conditions/hours-of-work/working-hours/,1-8 weeks (by tenure),https://rivermate.com/guides/ireland#notice-periods,2 weeks/yr + 1 week bonus (after 2 yrs),https://rivermate.com/guides/ireland#severance-pay,6 months (up to 12 exceptional),https://www.workplacerelations.ie/en/what_you_should_know/employer-obligations/transparent-and-predictable-working-conditions/,cause + notice,https://rivermate.com/guides/ireland#notice-periods,,,Monthly,https://www.rivermate.com/guides/ireland,GDPR (EU) + Data Protection Act 2018,https://www.dlapiperdataprotection.com/index.html?t=law&c=IE,Irish; English,https://en.wikipedia.org/wiki/Ireland,UTC+0,https://en.wikipedia.org/wiki/Republic_of_Ireland
Kuwait,KW,kuwait,"Middle East, North Africa, Afghanistan & Pakistan",High income,KWD,11.5,"PIFSS employer contribution 11.5% for Kuwaiti nationals (basic, supplementary and social pension schemes), capped at a monthly salary of KWD 2,750",https://taxsummaries.pwc.com/kuwait/individual/other-taxes,confirmed,41110,32312,4865298,2.2,2025,https://data.worldbank.org/country/KW,KWD 75/month (private sector),https://wageindicator.org/work/minimum-wage/countries/kuwait/,30 days,https://rivermate.com/guides/kuwait#statutory-leave,percentage,Expatriates are entirely exempt from social security; instead they accrue an end-of-service indemnity under the Labour Law,9 days,https://rivermate.com/guides/kuwait#public-x26-regional-holidays,"45 paid days (15 at 100%, then 10 each at 75/50/25%) + 30 unpaid",https://web.archive.org/web/20250117223050/https://www.manpower.gov.kw/docs/LaborLaw/Labor_Law_Eng.pdf,70 days (10 wks) paid + up to 4 months unpaid,https://web.archive.org/web/20250117223050/https://www.manpower.gov.kw/docs/LaborLaw/Labor_Law_Eng.pdf,None (no statutory entitlement),https://intelligence.dlapiper.com/global-expansion-employment/?c=kw,48 hours,https://www.getharvest.com/calculators/overtime-pay-calculator-in-the-middle-east,,,3 months (monthly-paid workers),https://web.archive.org/web/20250117223050/https://www.manpower.gov.kw/docs/LaborLaw/Labor_Law_Eng.pdf,15 days/yr (first 5 yrs); 1 month/yr after (cap 1.5 yrs pay),https://intelligence.dlapiper.com/global-expansion-employment/?c=kw,100 working days,https://kuwaitcalculator.com/kuwait-labour-law,cause + notice,https://rivermate.com/guides/kuwait#notice-periods,,,Monthly,https://www.rivermate.com/guides/kuwait,CITRA Data Privacy Regulation (2024); no general law,https://www.dlapiperdataprotection.com/index.html?t=law&c=KW,Arabic,https://en.wikipedia.org/wiki/Kuwait,UTC+3,https://en.wikipedia.org/wiki/Kuwait
Indonesia,ID,indonesia,East Asia & Pacific,Upper middle income,IDR,11.74,"~10.94-11.74%: old-age savings JHT 3.7%, pension JP 2%, health (BPJS Kesehatan) 4%, death JKM 0.3%, work-accident JKK 0.24-1.74% by risk. Pension and health contributions have wage caps",https://taxsummaries.pwc.com/indonesia/individual/other-taxes,confirmed,5120,5060,285721236,3.2,2025,https://data.worldbank.org/country/ID,,,12 days (after 12 months of service),https://indonesia.acclime.com/guides/employment-law/,percentage,"Employers must operate two parallel systems: BPJS Ketenagakerjaan (labour: old-age, pension, accident, death) and BPJS Kesehatan (4% health).",~13-16 days,https://rivermate.com/guides/indonesia#public-holidays-x26-regional-holidays,"100% first 4 mo, then 75%/50%/25% (employer)",https://rivermate.com/guides/indonesia#statutory-leave,3 months (~13 wks) paid,https://rivermate.com/guides/indonesia#statutory-leave,2 days at 100%,https://rivermate.com/guides/indonesia#statutory-leave,40 hours,https://gpa.net/blogs/regional-focus/overtime-regulations-in-asean,"150% first hour, 200% after",https://gpa.net/blogs/regional-focus/overtime-regulations-in-asean,14 days (permanent employees),https://rivermate.com/guides/indonesia#notice-periods,Tiered by tenure (1-9 months) + UPMK,https://rivermate.com/guides/indonesia#severance-pay,3 months,https://conventuslaw.com/report/indonesia-legal-update-termination-of-employment-during-probation-period/,cause required (strong protection),https://rivermate.com/guides/indonesia#termination-offboarding,Mandatory (13th),https://www.rivermate.com/guides/indonesia,Monthly,https://www.rivermate.com/guides/indonesia,PDP Law (Law No. 27 of 2022),https://www.dlapiperdataprotection.com/index.html?t=law&c=ID,Indonesian,https://en.wikipedia.org/wiki/Indonesia,"UTC+7 (Jakarta, WIB); to UTC+9",https://en.wikipedia.org/wiki/Time_in_Indonesia
Saudi Arabia,SA,saudi-arabia,"Middle East, North Africa, Afghanistan & Pakistan",High income,SAR,11.75,"11.75% for Saudi nationals (GOSI social insurance 9% + occupational hazard 2% + unemployment/SANED 0.75%); only 2% (occupational hazard) for non-Saudi employees. Contribution base capped at SAR 45,000/month",https://taxsummaries.pwc.com/saudi-arabia/individual/other-taxes,confirmed,36070,34537,36973555,3,2025,https://data.worldbank.org/country/SA,"SAR 4,000/month (Saudi nationals; no statutory minimum for expatriate private-sector workers)",https://www.cxcglobal.com/global-hiring-guide/saudi-arabia/payroll-and-benefits-in-saudi-arabia/,21 days (1-5 years of service),https://www.cxcglobal.com/global-hiring-guide/saudi-arabia/leave-time-off-in-saudi-arabia/,percentage,Employers pay 11.75% for Saudi nationals but only a 2% occupational-hazard charge for non-Saudi staff.,~10 days (4 holidays),https://www.officeholidays.com/countries/saudi-arabia/2026,30 days at 100% + 60 days at 75% + 30 unpaid,https://www.hrsd.gov.sa/sites/default/files/2023-02/Labor.pdf,12 weeks at 100% (fully paid),https://www.hrsd.gov.sa/en/%D8%AA%D8%B4%D8%BA%D9%8A%D9%84-%D8%A7%D9%84%D9%86%D8%B3%D8%A7%D8%A1,3 days at 100%,https://www.hrsd.gov.sa/sites/default/files/2023-02/Labor.pdf,48 hours (6h/day in Ramadan for Muslims),https://www.getharvest.com/calculators/overtime-pay-calculator-in-the-middle-east,150% (Article 107),https://www.getharvest.com/calculators/overtime-pay-calculator-in-the-middle-east,60 days (monthly) / 30 days,https://www.legal500.com/intelligence/saudi-arabia/employment-and-hr/amendments-to-the-kingdom-of-saudi-arabia-labor-law-%E2%80%93-key-changes-for-employers-in-the-ksa-for-2025,15 days/yr (yrs 1-5); 1 month/yr after,https://rivermate.com/guides/saudi-arabia#employee-mandatory-benefits,Up to 180 days (fixed at signing),https://manielaw-sa.com/%D8%A7%D9%84%D9%85%D8%A7%D8%AF%D8%A9-53-%D9%85%D9%86-%D9%86%D8%B8%D8%A7%D9%85-%D8%A7%D9%84%D8%B9%D9%85%D9%84/,cause + notice,https://www.hrsd.gov.sa/sites/default/files/2023-02/Labor.pdf,,,Monthly,https://www.rivermate.com/guides/saudi-arabia,PDPL (2021),https://www.dlapiperdataprotection.com/index.html?t=law&c=SA,Arabic,https://en.wikipedia.org/wiki/Saudi_Arabia,UTC+3,https://en.wikipedia.org/wiki/Saudi_Arabia
Australia,AU,australia,East Asia & Pacific,High income,AUD,12,12% Superannuation Guarantee (final rate from 1 July 2025); state payroll tax ~4.75-6.85% applies only above state wage thresholds,https://www.supersa.sa.gov.au/about-us/announcements/2025/the-super-guarantee-increased/,confirmed,64120,65130,27614411,4.1,2025,https://data.worldbank.org/country/AU,"A$24.94/hour (A$948/week, from 1 Jul 2025)",https://www.klgates.com/Workplace-Wrap-July-2025-6-30-2025,4 weeks (20 days),https://business.gov.au/people/employees/employees-pay-leave-and-entitlements,percentage,"The Super Guarantee reached its final 12% target on 1 July 2025, capped at a maximum contribution base of A$62,500/quarter. Payroll tax is separate and threshold-based.",8 national (+ state holidays),https://www.legislation.gov.au/C2009A00028/2026-07-07/2026-07-07/text/original/pdf/1,10 days paid personal/carer's leave (employer),https://rivermate.com/guides/australia#mandatory-employee-benefits,Up to 26 wks govt-paid (min wage) + 12 mo unpaid,https://rivermate.com/guides/australia#mandatory-employee-benefits,Shared gender-neutral parental leave/pay,https://rivermate.com/guides/australia#mandatory-employee-benefits,38 hours,https://www.deel.com/blog/global-overtime-laws-by-country/,"150% first 2h, 200% after",https://www.deel.com/blog/global-overtime-laws-by-country/,1-4 weeks (+1 wk if 45+ & 2yr),https://www.legislation.gov.au/C2009A00028/2026-07-07/2026-07-07/text/original/pdf/1,4-16 weeks redundancy pay (by tenure),https://www.legislation.gov.au/C2009A00028/2026-07-07/2026-07-07/text/original/pdf/1,3-6 months (min employment period 6mo),https://hallpayne.com.au/industrial-employment-law/probation-periods/,cause + notice,https://rivermate.com/guides/australia#terminations,,,Monthly or fortnightly,https://www.rivermate.com/guides/australia,Privacy Act 1988,https://www.dlapiperdataprotection.com/index.html?t=law&c=AU,English,https://en.wikipedia.org/wiki/Australia,"UTC+10 (Sydney, AEST); UTC+8 to +10",https://en.wikipedia.org/wiki/Time_in_Australia
Philippines,PH,philippines,East Asia & Pacific,Upper middle income,PHP,12,~10-14% (employer SSS ~9.5-10% + PhilHealth 2.5% + Pag-IBIG 2%); the effective rate falls at higher salaries because of contribution ceilings,https://www.sss.gov.ph/wp-content/uploads/2024/12/2025-SSS-Contribution-Table-rev.pdf,confirmed,4850,4171,116786962,2.2,2025,https://data.worldbank.org/country/PH,,,5 days (Service Incentive Leave),https://sprout.ph/articles/service-incentive-leave-philippines/,percentage,Mandatory 13th-month pay (1/12 of annual basic salary) is owed on top of statutory contributions.,,,"5 days (Service Incentive Leave, employer)",https://lawphil.net/statutes/presdecs/pd1974/pd_442_1974.html,105 days (15 wks) at 100% (SSS),https://lawphil.net/statutes/repacts/ra2019/ra_11210_2019.html,7 days at 100% (employer),https://lawphil.net/statutes/repacts/ra1996/ra_8187_1996.html,48 hours (8h/day),https://gpa.net/blogs/regional-focus/overtime-regulations-in-asean,125%,https://lawphil.net/statutes/presdecs/pd1974/pd_442_1974.html,30 days (authorized cause),https://lawphil.net/statutes/presdecs/pd1974/pd_442_1974.html,0.5-1 month/yr (authorized cause),https://lawphil.net/statutes/presdecs/pd1974/pd_442_1974.html,6 months,https://library.laborlaw.ph/p-d-442-labor-code-book-6/,cause required (strong protection),https://lawphil.net/statutes/presdecs/pd1974/pd_442_1974.html,Mandatory (13th),https://lawphil.net/executive/mo/mo1986/mo_28_1986.html,Semi-monthly,https://lawphil.net/statutes/presdecs/pd1974/pd_442_1974.html,Data Privacy Act 2012 (RA 10173),https://www.dlapiperdataprotection.com/index.html?t=law&c=PH,Filipino; English,https://en.wikipedia.org/wiki/Philippines,UTC+8,https://en.wikipedia.org/wiki/Philippines
Nigeria,NG,nigeria,Sub-Saharan Africa ,Lower middle income,NGN,12,~12% core where all three schemes apply (employer pension minimum 10% + NSITF employee compensation 1% + ITF training levy 1% for qualifying employers); pension and payroll contribution bases can differ,https://taxsummaries.pwc.com/nigeria/individual/other-taxes,reported,1360,1224,237527782,3.1,2025,https://data.worldbank.org/country/NG,"₦70,000/month",https://wageindicator.org/salary/minimum-wage/nigeria,6 working days (after 12 months of continuous service),https://jurist.ng/labour_act/sec-18,percentage,The 12% comparison rate combines the three nominal rates where applicable. Contribution bases and employer eligibility differ; compulsory group life insurance premiums are additional and are not included.,13 days,https://globalholidayscalendar.com/countries/nigeria/2026,12 working days/yr paid,https://lawsofnigeria.placng.org/laws/L1.pdf,12 weeks at 50% (6mo service),https://lawsofnigeria.placng.org/laws/L1.pdf,None (Labour Act),https://rivermate.com/guides/nigeria#statutory-leave,,,No statutory rate (customary ~125%),https://www.deel.com/blog/global-overtime-laws-by-country/,1 day-1 month (by tenure),https://rivermate.com/guides/nigeria#notice-periods,Not statutory (redundancy by agreement),https://rivermate.com/guides/nigeria#severance-pay,3-6 months (no statutory max),https://wageindicator.org/en-ng/work-in-nigeria/labour-law/contracts-and-dismissals/,cause + notice,https://rivermate.com/guides/nigeria#notice-periods,Customary but not mandatory,https://www.rivermate.com/guides/nigeria,Monthly,https://www.rivermate.com/guides/nigeria,NDPA 2023,https://www.dlapiperdataprotection.com/index.html?t=law&c=NG,English,https://en.wikipedia.org/wiki/Nigeria,UTC+1,https://en.wikipedia.org/wiki/Nigeria
Iraq,IQ,iraq,"Middle East, North Africa, Afghanistan & Pakistan",Upper middle income,IQD,12,12% (social security),https://taxsummaries.pwc.com/iraq/individual/other-taxes,confirmed,,5410,47020774,,2025,https://data.worldbank.org/country/IQ,"IQD 350,000/month",https://www.rivermate.com/guides/iraq,21 days,https://www.rivermate.com/guides/iraq,percentage,Employers categorised as 'prime' contribute 25%,,,30 days full pay/year (cap 180),https://rivermate.com/guides/iraq#statutory-leave,,,None (no statutory entitlement),https://www.mondaq.com/employment-and-hr/883122/labour-and-employment-comparative-guide,48 hours,https://rivermate.com/guides/iraq#working-hours-x26-overtime,150% (200% rest day/holiday),https://rivermate.com/guides/iraq#working-hours-x26-overtime,30 days minimum (written notice),https://thehorizonlaw.com/iraqi-labor-law-37-2015/,2 weeks wages per year of service,https://thehorizonlaw.com/iraqi-labor-law-37-2015/,,,cause + notice,https://rivermate.com/guides/iraq#termination-offboarding,,,Monthly,https://rivermate.com/guides/iraq#payroll-cycles-x26-wage-structure,None (no comprehensive law; constitutional privacy),https://www.dataguidance.com/jurisdictions/iraq,Arabic,https://www.playroll.com/global-hiring-guides/iraq,UTC+3,https://en.wikipedia.org/wiki/Time_in_Iraq
Uzbekistan,UZ,uzbekistan,Europe & Central Asia,Lower middle income,UZS,12,12% social tax (other taxpayers); budget organisations 25%,https://taxsummaries.pwc.com/republic-of-uzbekistan/individual/other-taxes,confirmed,3670,3968,37053428,4.6,2025,https://data.worldbank.org/country/UZ,"UZS 1,271,000/month",https://www.rivermate.com/guides/uzbekistan,15 working days,https://www.rivermate.com/guides/uzbekistan,percentage,Budget organisations pay 25%; charged on gross payroll of local and foreign employees,,,,,"126 days (18 wks) at 100% (75% if under 12 months' service), employer-paid",https://lex.uz/uz/docs/6978570,,,40 hours,https://rivermate.com/guides/uzbekistan#working-hours-x26-overtime,200% (double),https://rivermate.com/guides/uzbekistan#overtime-x26-minimums,2 months (liquidation / staff reduction / owner change); 2 wks (insufficient skills); 3 days (misconduct),https://lex.uz/docs/6257291,≈1 month average earnings (per statutory ground),https://rivermate.com/guides/uzbekistan#severance-pay,,,cause required (strong protection),https://rivermate.com/guides/uzbekistan#termination-offboarding,Customary but not mandatory,https://rivermate.com/guides/uzbekistan#payroll-cycles-x26-wage-structure,Monthly,https://rivermate.com/guides/uzbekistan#payroll-cycles-x26-wage-structure,Law on Personal Data 2019 (Uzbekistan),https://www.dlapiperdataprotection.com/index.html?t=law&c=UZ,Uzbek,https://www.playroll.com/global-hiring-guides/uzbekistan,UTC+5,https://en.wikipedia.org/wiki/Time_in_Uzbekistan
Ecuador,EC,ecuador,Latin America & Caribbean ,Upper middle income,USD,12.15,"12.15% of total remuneration to the IESS (Ecuadorian Social Security Institute), on top of the employee's 9.45% contribution.",https://taxsummaries.pwc.com/ecuador/individual/other-taxes,confirmed,6890,7125,18289896,3.3,2025,https://data.worldbank.org/country/EC,$482/month,https://wise.com/co/blog/salario-minimo-ecuador,15 days,https://smartcompany.ec/laboral/calculo-de-vacaciones-anuales-de-los-trabajadores-art-69/,percentage,"Separately from the 12.15%, Ecuador also mandates 13th- and 14th-month salaries and a reserve fund (one month's pay after the first year), which add materially to total labour cost.",11 days,https://rivermate.com/guides/ecuador#public-x26-regional-holidays,"50% (3d employer), then IESS 66-75%",https://rivermate.com/guides/ecuador#statutory-leave,84 days (12 wks); IESS 75% + employer 25%,https://rivermate.com/guides/ecuador#statutory-leave,10 days at 100% (employer),https://rivermate.com/guides/ecuador#statutory-leave,40 hours,https://www.usemultiplier.com/ecuador/employment-laws,150% (200% weekend/holiday),https://www.usemultiplier.com/ecuador/employment-laws,30 days (or desahucio payment),https://rivermate.com/guides/ecuador#notice-periods,1 month/yr (max 25; min 3 months),https://rivermate.com/guides/ecuador#severance-pay,90 days,https://dialnet.unirioja.es/servlet/articulo?codigo=9240592,cause + notice,https://rivermate.com/guides/ecuador#notice-periods,Mandatory (13th + 14th),https://www.rivermate.com/guides/ecuador,Monthly,https://www.rivermate.com/guides/ecuador,LOPDP (2021),https://www.dlapiperdataprotection.com/index.html?t=law&c=EC,Spanish,https://en.wikipedia.org/wiki/Ecuador,UTC-5 (mainland),https://en.wikipedia.org/wiki/Ecuador
Oman,OM,oman,"Middle East, North Africa, Afghanistan & Pakistan",High income,OMR,12.5,PASI employer contribution 12.5% for Omani nationals (10.5% social insurance + 1% work-injury + 1% job-security); expatriates are exempt,https://taxsummaries.pwc.com/oman/individual/other-taxes,confirmed,19520,19947,5494691,3.3,2025,https://data.worldbank.org/country/OM,OMR 325/month (Omani nationals only),https://remotepeople.com/countries/oman/hire-employees/minimum-wage/,30 days,https://rivermate.com/guides/oman#statutory-leave,percentage,Expatriates pay no social security; a 1% job-security (unemployment) contribution was added from January 2021,,,"Up to 182 days (21 full, then 75/50/35%)",https://rivermate.com/guides/oman#statutory-leave,98 days (14 wks) at 100%,https://intelligence.dlapiper.com/global-expansion-employment/?c=om,7 days at 100%,https://decree.om/2023/rd20230053/,45 hours,https://www.playroll.com/working-hours/oman,"125% (day), 150% (night)",https://www.playroll.com/working-hours/oman,"30 days (monthly wage), 15 days (others)",https://decree.om/2023/rd20230053/,"1 month's basic wage/yr (pro-rated, gratuity)",https://decree.om/2023/rd20230053/,3 months (monthly-paid),https://intelligence.dlapiper.com/global-expansion-employment/?c=om,cause + notice,https://rivermate.com/guides/oman#termination-offboarding,,,Monthly,https://www.rivermate.com/guides/oman,PDPL (Royal Decree 6/2022),https://www.dlapiperdataprotection.com/index.html?t=law&c=OM,Arabic,https://en.wikipedia.org/wiki/Oman,UTC+4,https://en.wikipedia.org/wiki/Oman
Jamaica,JM,jamaica,Latin America & Caribbean ,Upper middle income,JMD,12.5,~12.5% (NIS 3% + NHT 3% + education tax 3.5% + HEART 3%),https://taxsummaries.pwc.com/jamaica/individual/other-taxes,confirmed,7790,,2837077,,2025,https://data.worldbank.org/country/JM,"JMD 16,000 per 40-hour week",https://www.rivermate.com/guides/jamaica,2 weeks (10 working days),https://www.rivermate.com/guides/jamaica,percentage,NIS capped at JMD 5 million/year remuneration,,,2 wks (10 days) after 1 yr service,https://vacationtracker.io/leave-laws/north-america/jamaica/,12 wks (8 wks paid) after 1 yr service,https://vacationtracker.io/leave-laws/north-america/jamaica/,None (no statutory entitlement),https://vacationtracker.io/leave-laws/north-america/jamaica/,40 hours,https://rivermate.com/guides/jamaica#working-hours-x26-overtime,150% (200% rest day/holiday),https://rivermate.com/guides/jamaica#working-hours-x26-overtime,"2 wks (4wk-5yr), 4 wks (5-10yr), 6 wks (10-15yr), 8 wks (15-20yr), 12 wks (20yr+)",https://laws.moj.gov.jm/library/statute/the-employment-termination-etc-act/download,"2 weeks' pay/yr (first 10 yrs), 3 weeks/yr thereafter (cap 104 wks)",https://rivermate.com/guides/jamaica#severance-pay,,,cause + notice,https://rivermate.com/guides/jamaica#notice-periods,,,Monthly,https://rivermate.com/guides/jamaica#payroll-cycles-x26-wage-structure,Data Protection Act 2020 (Jamaica),https://oic.gov.jm/page/data-protection-act,English,https://www.playroll.com/global-hiring-guides/jamaica,UTC-5,https://en.wikipedia.org/wiki/Time_in_Jamaica
Mongolia,MN,mongolia,East Asia & Pacific,Upper middle income,MNT,12.5,~12.5-14.5% (pension 8.5% + benefit 1% + health 2% + unemployment 0.5% + work-injury 0.5-2.5%),https://taxsummaries.pwc.com/mongolia/individual/other-taxes,confirmed,6210,7108,3568978,,2025,https://data.worldbank.org/country/MN,"MNT 792,000/month",https://www.rivermate.com/guides/mongolia,15 working days,https://www.rivermate.com/guides/mongolia,percentage,"Range driven by the industrial-accident rate (0.5%, 1.5% or 2.5%) by workplace risk",,,,,120 days (~17 wks) via social insurance,https://investmongolia.gov.mn/legal-guide/,10 working days paid,https://rivermate.com/guides/mongolia#statutory-leave,40 hours,https://rivermate.com/guides/mongolia#working-hours-x26-overtime,150% (200% rest days/holidays),https://rivermate.com/guides/mongolia#overtime-x26-minimums,30 days (redundancy/incapacity),https://rivermate.com/guides/mongolia#notice-periods,≥1 month average wage (redundancy),https://rivermate.com/guides/mongolia#severance-pay,,,cause + notice,https://rivermate.com/guides/mongolia#termination-offboarding,Customary but not mandatory,https://rivermate.com/guides/mongolia#payroll-cycles-x26-wage-structure,Monthly,https://rivermate.com/guides/mongolia#payroll-cycles-x26-wage-structure,Law on Personal Data Protection 2021 (Mongolia),https://www.dlapiperdataprotection.com/index.html?t=law&c=MN,Mongolian,https://www.playroll.com/global-hiring-guides/mongolia,UTC+8,https://en.wikipedia.org/wiki/Time_in_Mongolia
Uruguay,UY,uruguay,Latin America & Caribbean ,High income,UYU,12.625,"12.625% employer: retirement (BPS) 7.5%, health insurance (FONASA) 5.0%, Labour Restructuring Fund 0.1%, and Labour Credit Guarantee Fund 0.025%.",https://taxsummaries.pwc.com/uruguay/individual/other-taxes,confirmed,24020,25216,3384688,7.5,2025,https://data.worldbank.org/country/UY,"$25,383/month (UYU)",https://datosuruguay.com/sueldo-minimo,20 working days,https://www.gub.uy/ministerio-trabajo-seguridad-social/institucional/derecho-laboral-uruguayo/regimen-licencia,percentage,"The 7.5% retirement contribution only applies up to a monthly salary of UYU 288,826 (through 31 Dec 2026); pay above that cap is exempt from the BPS portion.",5 paid non-working (+ workable holidays),https://www.gub.uy/ministerio-trabajo-seguridad-social/institucional/derecho-laboral-uruguayo/feriados,"3 days employer, then BPS (from day 4)",https://rivermate.com/guides/uruguay#statutory-leave,14 weeks at 100% (BPS),https://rivermate.com/guides/uruguay#statutory-leave,~13-20 days paid (BPS),https://rivermate.com/guides/uruguay#statutory-leave,44h (commerce) / 48h (industry),https://rivermate.com/guides/uruguay#working-hours-x26-overtime,"200% (double, weekday)",https://rivermate.com/guides/uruguay#working-hours-x26-overtime,7-30 days (by tenure),https://rivermate.com/guides/uruguay#notice-periods,1 month/yr (cap 6 months),https://rivermate.com/guides/uruguay#severance-pay,None statutory (~30-90 days customary),https://bachini.com.uy/caracteristicas-de-los-contratos-laborales-de-prueba-en-uruguay/,cause + notice,https://rivermate.com/guides/uruguay#notice-periods,Mandatory (13th),https://www.rivermate.com/guides/uruguay,Monthly,https://www.rivermate.com/guides/uruguay,Law No. 18.331,https://www.dlapiperdataprotection.com/index.html?t=law&c=UY,Spanish,https://en.wikipedia.org/wiki/Uruguay,UTC-3,https://en.wikipedia.org/wiki/Uruguay
Guatemala,GT,guatemala,Latin America & Caribbean ,Upper middle income,GTQ,12.67,"12.67% of monthly payroll to social security (IGSS), on top of the employee's ~4.83% contribution.",https://taxsummaries.pwc.com/guatemala/individual/other-taxes,confirmed,6360,6598,18687881,2.6,2025,https://data.worldbank.org/country/GT,"Q4,002.28/month (non-agricultural, CE1; CE2 Q3,816.90)",https://www.asesoriaglobal.com.gt/blog/salario-minimo-guatemala-2026.html,15 working days,https://finiquitojusto.com/guias-de-finiquito-y-liquidacion/guatemala/vacaciones-laborales-guatemala/,percentage,"Employers commonly also pay IRTRA (1%) and INTECAP (1%) training/recreation levies, but the core IGSS social security employer rate on payroll is 12.67%.",11 days (+ 2 half-days),https://rivermate.com/guides/guatemala#public-holidays-x26-regional-holidays,Employer day 1; IGSS 2/3 of wage from day 4 (max 26 wks),https://sistemaregulatoriorrhh.usac.edu.gt/wp-content/uploads/2022/03/Reglamento-IGSS-Acuerdo-410.pdf,84 days (12 wks) at 100% (IGSS),https://sistemaregulatoriorrhh.usac.edu.gt/wp-content/uploads/2022/03/Reglamento-IGSS-Acuerdo-410.pdf,2 days paid,https://www.jurista.com.gt/laws/codigo-trabajo/articulo-61,44 hours,https://rivermate.com/guides/guatemala#working-hours-x26-overtime,150%,https://rivermate.com/guides/guatemala#working-hours-x26-overtime,None statutory for employer; severance 1 month/yr if dismissed without cause,https://www.jurista.com.gt/laws/codigo-trabajo/articulo-82,1 month/yr (indemnización),https://rivermate.com/guides/guatemala#severance-pay,2 months,https://mcd.gob.gt/wp-content/uploads/2013/07/codigo-de-trabajo.pdf,cause + notice,https://rivermate.com/guides/guatemala#notice-periods,Mandatory (13th + 14th),https://www.rivermate.com/guides/guatemala,Bi-weekly (monthly for managers),https://www.rivermate.com/guides/guatemala,None (no comprehensive data protection law),https://www.dlapiperdataprotection.com/index.html?t=law&c=GT,Spanish,https://en.wikipedia.org/wiki/Guatemala,UTC-6,https://en.wikipedia.org/wiki/Guatemala
Barbados,BB,barbados,Latin America & Caribbean ,High income,BBD,12.75,"12.75% (National Insurance, on insurable earnings) plus 0.25% Resilience Fund",https://taxsummaries.pwc.com/barbados/individual/other-taxes,confirmed,,,282623,6.5,2024,https://data.worldbank.org/country/BB,BBD 8.50/hour,https://www.rivermate.com/guides/barbados,"3 weeks (15 working days, under 5 yrs)",https://www.rivermate.com/guides/barbados,percentage,"Insurable earnings capped at BBD 5,280/month (BBD 1,219/week)",,,,,,,,,40 hours,https://rivermate.com/guides/barbados#working-hours-x26-overtime,150% (200% rest day/holiday),https://rivermate.com/guides/barbados#overtime-x26-minimums,1 wk (1-2 yrs) up to 10 wks (15+ yrs) if weekly-paid; monthly-paid 1-2.5 months; none under 1 yr,https://www.barbadoslawcourts.gov.bb/assets/content/pdfs/annuals/actsannual/acts2012/Act2012-9.pdf,"2.5 weeks' pay/yr (yrs 1-10), 3 wks (yrs 11-20), 3.5 wks (yrs 21-33), redundancy only",https://www.nis.gov.bb/severance/,,,cause + notice,https://rivermate.com/guides/barbados#termination-offboarding,,,Monthly,https://rivermate.com/guides/barbados#payroll-cycles-x26-wage-structure,Data Protection Act 2019 (Barbados),https://www.dlapiperdataprotection.com/index.html?t=law&c=BB,English,https://www.rivermate.com/guides/barbados,UTC-4,https://en.wikipedia.org/wiki/Time_in_Barbados
Cameroon,CM,cameroon,Sub-Saharan Africa ,Lower middle income,XAF,12.95,~12.95-16.2% (pension 4.2% + family allowances 7% + occupational risk 1.75-5%),https://taxsummaries.pwc.com/republic-of-cameroon/corporate/other-taxes,reported,1860,,29879337,,2025,https://data.worldbank.org/country/CM,"XAF 43,969/month",https://www.rivermate.com/guides/cameroon,18 days,https://www.rivermate.com/guides/cameroon,percentage,"Pension and family-benefit base capped at XAF 750,000/month; occupational-risk rate varies by industry",,,,,14 wks paid (via CNPS),https://rivermate.com/guides/cameroon#statutory-leave,3 days paid (100%),https://www.droitsocialenpratique.com/decret-n75-29-du-10-janvier-1975-fixant-les-modalites-dapplication-du-regime-des-permissions-exceptionnelles-dabsence-payees/,40 hours (48 agriculture),https://rivermate.com/guides/cameroon#working-hours-x26-overtime,120% (20% premium first 8h),https://rivermate.com/guides/cameroon#overtime-x26-minimums,15 days to 4 months by category/tenure,https://www.droitsocialenpratique.com/le-licenciement-dun-salarie-au-cameroun-regles-procedure-preavis-et-indemnites/,"20% month/yr (yrs1-5), rising to 40% (yr21+), after 2 yrs service",https://www.droitsocialenpratique.com/arrete-n016-mtps-sg-cj-du-26-mai-1993-fixant-les-modalites-dattribution-et-de-calcul-de-lindemnite-de-licenciement-au-cameroun/,,,cause + notice,https://rivermate.com/guides/cameroon#notice-periods,Customary but not mandatory,https://rivermate.com/guides/cameroon#payroll-cycles-x26-wage-structure,Monthly,https://rivermate.com/guides/cameroon#payroll-cycles-x26-wage-structure,Law No. 2024/017 on Personal Data Protection (Cameroon),https://www.dlapiperdataprotection.com/index.html?t=law&c=CM,"English, French",https://www.playroll.com/global-hiring-guides/cameroon,UTC+1,https://en.wikipedia.org/wiki/Time_in_Cameroon
Hungary,HU,hungary,Europe & Central Asia,High income,HUF,13,"13% social contribution tax (szocho) on gross income, the sole employer social charge in 2026; no cap on the employer portion",https://taxsummaries.pwc.com/hungary/individual/other-taxes,confirmed,23850,25907,9514251,4.5,2025,https://data.worldbank.org/country/HU,"HUF 322,800/month",https://www.accace.com/minimum-wage-increase-in-hungary/,20 working days,https://rivermate.com/guides/hungary#statutory-benefits,percentage,Hungary consolidated employer charges into one flat 13% social tax; there is no separate employer pension or health split,11 days,https://net.jogtar.hu/jogszabaly?docid=a1200001.tv,"15 days at 70% (employer), then 50-60% (social security)",https://rivermate.com/guides/hungary#statutory-benefits,24 weeks (CSED) at 100%,https://rivermate.com/guides/hungary#statutory-benefits,"10 working days (5 at 100%, 5 at 40%) (employer)",https://net.jogtar.hu/jogszabaly?docid=a1200001.tv,40 hours,https://iuslaboris.com/insights/eastern-europe-wage-and-hour-rules-vary-across-hungary-ukraine-and-russia/,150% (min +50%; 200% subsequent),https://iuslaboris.com/insights/eastern-europe-wage-and-hour-rules-vary-across-hungary-ukraine-and-russia/,30-90 days (by tenure),https://rivermate.com/guides/hungary#terminations,"1-6 months (by tenure, 3+yr)",https://rivermate.com/guides/hungary#terminations,3 months,https://smartlegal.hu/publication/is-a-probationary-period-of-more-than-3-months-valid-in-hungary,cause + notice,https://rivermate.com/guides/hungary#terminations,Customary but not mandatory,https://www.rivermate.com/guides/hungary,Monthly,https://www.rivermate.com/guides/hungary,GDPR (EU) + Info Act,https://www.dlapiperdataprotection.com/index.html?t=law&c=HU,Hungarian,https://en.wikipedia.org/wiki/Hungary,UTC+1,https://en.wikipedia.org/wiki/Hungary
Ghana,GH,ghana,Sub-Saharan Africa ,Lower middle income,GHS,13,"13% employer contribution to the mandatory SSNIT scheme (first-tier and second-tier combined), on top of the employee's 5.5%, for a total 18.5%.",https://taxsummaries.pwc.com/ghana/individual/other-taxes,confirmed,2630,3257,35064272,3,2025,https://data.worldbank.org/country/GH,GHS 21.77/day (~GHS 588/month),https://www.crs.co.za/crs-news-flash-19-december-2025-ghana-national-daily-minimum-wage-2026/,15 working days,https://www.leavebalance.com/blog/annual-leave-entitlement-ghana/,percentage,"Of the 18.5% total, 13.5 percentage points go to the first-tier (SSNIT pension) and 5 points to the second-tier occupational scheme; contributions are tax-deductible for the employer.",13 (11 fixed + 2 Islamic),https://rivermate.com/guides/ghana#public-x26-regional-holidays,"None (no statutory entitlement; sick pay set by contract, if any)",https://www.gipc.gov.gh/wp-content/uploads/2023/05/LABOUR-ACT-2003-ACT-651.pdf,12 weeks at 100% (14 if complications),https://rivermate.com/guides/ghana#statutory-leave,None (no statutory entitlement),https://api.worldbank.org/v2/country/GHA/indicator/GD_WBL_PAR_LAW_PATLEAVE?source=14&date=2025,40 hours,https://wageindicator.org/en-gh/work-in-ghana/labour-law/compensation-and-working-time/,150% (200% rest day/holiday),https://asanify.com/global-employer-of-record/ghana/employment-laws/,2 weeks-1 month (by tenure),https://rivermate.com/guides/ghana#notice-periods,Negotiated (no statutory formula),https://rivermate.com/guides/ghana#severance-pay,3-6 months (no statutory max),https://wageindicator.org/en-gh/work-in-ghana/labour-law/contracts-and-dismissals/,cause + notice,https://rivermate.com/guides/ghana#termination-offboarding,,,Monthly,https://www.rivermate.com/guides/ghana,Data Protection Act 2012 (Act 843),https://www.dlapiperdataprotection.com/index.html?t=law&c=GH,English,https://en.wikipedia.org/wiki/Ghana,UTC+0,https://en.wikipedia.org/wiki/Ghana
DR Congo,CD,dr-congo,Sub-Saharan Africa ,Low income,CDF,13,~13% INSS (occupational risk 1.5% + pension 5% + family benefits 6.5%) plus INPP training 1-3% and ONEM 0.2%,https://taxsummaries.pwc.com/democratic-republic-of-the-congo/individual/other-taxes,confirmed,720,807,112832473,,2025,https://data.worldbank.org/country/CD,"CDF 14,500/day (~US$101/mo)",https://actualite.cd/2025/01/03/rdc-le-gouvernement-reajuste-le-smig-14-500-fc-6-ans-apres-sa-fixation-7075-fc-arrete,,,percentage,"Training levy (INPP) adds 1-3% by company size, plus ONEM employment levy 0.2%",,,Up to ~180 days (6 months) at 2/3 wages,https://rivermate.com/guides/congo-democratic-republic-of-the#statutory-leave,14 wks at 2/3 of pay (6 before + 8 after birth),https://webapps.ilo.org/public/libdoc/nonigo/2002/RDC%20Code%20du%20travail.pdf,2 working days paid (special leave),https://rivermate.com/guides/congo-democratic-republic-of-the#statutory-leave,45 hours,https://www.playroll.com/working-hours/democratic-republic-of-congo,130% (1.3x ordinary; 200% night/Sunday/holiday),https://www.playroll.com/working-hours/democratic-republic-of-congo,,,,,,,cause + notice,https://www.playroll.com/compliance-hub/democratic-republic-of-congo,Customary but not mandatory,https://www.neeyamo.com/global-guide/dr-congo,Monthly (or bi-weekly),https://www.neeyamo.com/global-guide/dr-congo,Digital Code (Law 23-010) 2023 (DR Congo),https://www.dlapiperdataprotection.com/index.html?t=law&c=CD,French,https://www.playroll.com/global-hiring-guides/democratic-republic-of-congo,UTC+1,https://en.wikipedia.org/wiki/Time_in_the_Democratic_Republic_of_the_Congo
Venezuela,VE,venezuela,Latin America & Caribbean ,Lower middle income,VES,13,"~13% core (IVSS 9-11% + housing FAOV 2% + unemployment 2%), plus workplace-risk LOPCYMAT 0.75-10%",https://taxsummaries.pwc.com/venezuela/individual/other-taxes,reported,3860,3495,28516896,5.3,2025,https://data.worldbank.org/country/VE,VES 130/month (~US$1-2),https://wageindicator.org/salary/minimum-wage/venezuela,15 days (rising to 30 by tenure),https://vacationtracker.io/leave-laws/south-america/venezuela/,percentage,IVSS rate (9/10/11%) depends on company risk class (minimum/middle/maximum risk),,,"3 days employer-paid, then IVSS (up to 12 mo)",https://www.sistematemis.com/reposo-medico-en-venezuela/,26 wks paid (6 pre/20 post),https://www.ley.com.ve/laboral/lottt-articulo-336-descanso-pre-y-post-natal,14 days paid,https://www.ley.com.ve/laboral/lottt-articulo-339-licencia-por-paternidad,40 hours (day work),https://www.playroll.com/working-hours/venezuela,150% (50% above),https://www.playroll.com/working-hours/venezuela,None statutory for employer; unjustified dismissal triggers double indemnity,https://asanify.com/global-employer-of-record/venezuela/employment-laws/,30 days' integrated salary per year (guaranteed) + double if unjustified,https://www.playroll.com/compliance-hub/venezuela,,,cause required (strong protection),https://www.playroll.com/compliance-hub/venezuela,Mandatory (13th),https://www.neeyamo.com/global-guide/venezuela,Monthly (or bi-weekly),https://www.neeyamo.com/global-guide/venezuela,None (no comprehensive law; constitutional),https://www.dlapiperdataprotection.com/index.html?t=law&c=VE,Spanish,https://www.playroll.com/global-hiring-guides/venezuela,UTC-4,https://en.wikipedia.org/wiki/Time_in_Venezuela
Tanzania,TZ,tanzania,Sub-Saharan Africa ,Lower middle income,TZS,13.5,"~13.5% net employer: NSSF pension 10% employer share (the statutory 20% is remitted by the employer, who may recover half from the employee) plus a Skills and Development Levy (SDL) of 3.5% of gross cash emoluments.",https://taxsummaries.pwc.com/tanzania/individual/other-taxes,confirmed,1270,1319,70545865,1.6,2025,https://data.worldbank.org/country/TZ,"TZS 175,000/month (general/unspecified sector)",https://velmalaw.co.tz/news/new-private-sector-minimum-wage-order-from-1-january-2026/,28 consecutive days,https://wageindicator.org/en-tz/work-in-tanzania/labour-law/annual-leave-and-holidays/,percentage,The 3.5% SDL only applies to employers with 10 or more employees; the NSSF contribution is statutorily framed as 20% remitted by the employer with up to half recoverable from the worker.,17 days,https://dse.co.tz/storage/news/HopTt%61YPXi9RqX5c8aOmW8Jyu8CmyWH8dYzzmAdZ.pdf,126 days/cycle (63 full + 63 half),https://rivermate.com/guides/tanzania#statutory-leave,84 days (~12 wks) at 100%,https://rivermate.com/guides/tanzania#statutory-leave,3 days at 100%,https://rivermate.com/guides/tanzania#statutory-leave,45 hours,https://rivermate.com/guides/tanzania#working-hours-x26-overtime,150%,https://rivermate.com/guides/tanzania#overtime-x26-minimums,28 days (monthly-paid),https://rivermate.com/guides/tanzania#notice-periods,7 days/yr (cap 70 days / 10 yrs),https://rivermate.com/guides/tanzania#severance-pay,"12 months (initial, extendable)",https://www.mondaq.com/employee-rights-labour-relations/1436284/probationary-employees-in-tanzania-the-law-and-practice,cause required (strong protection),https://media.tanzlii.org/media/legislation/319489/source_file/03e51953f11461fb/2004-6.pdf,,,Monthly,https://www.rivermate.com/guides/tanzania,Personal Data Protection Act 2022,https://www.dlapiperdataprotection.com/index.html?t=law&c=TZ,Swahili; English,https://en.wikipedia.org/wiki/Tanzania,UTC+3,https://en.wikipedia.org/wiki/Tanzania
India,IN,india,South Asia,Lower middle income,INR,13.6,"~13.6% core (EPF 12% + EDLI 0.5% + admin ~1.1% on basic+DA), plus 3.25% ESI for wages up to Rs.21,000/mo; total reaches ~15-25% with gratuity (~4.81%) and statutory bonus",https://taxsummaries.pwc.com/india/individual/other-taxes,confirmed,2760,2702,1463865525,4.2,2025,https://data.worldbank.org/country/IN,,,"~15 days (1 day per 20 days worked, Factories Act 1948)",https://www.leavebalance.com/blog/annual-leave-entitlement-india/,percentage,"EPF 12% is on basic+DA (not full gross), with the pension portion capped at a Rs.15,000 wage; the real burden depends heavily on the basic/DA salary split.",Varies by state,https://rivermate.com/guides/india#statutory-benefits,Paid; varies by state and establishment,https://rivermate.com/guides/india#statutory-benefits,Up to 26 weeks at average daily wage,https://www.pib.gov.in/FactsheetDetails.aspx?Id=150473&reg=3&lang=1,None (no private-sector statute),https://corridalegal.com/paternity-and-parental-leave-in-india-key-legal-provisions/,48 hours,https://www.deel.com/blog/global-overtime-laws-by-country/,200% (double),https://www.deel.com/blog/global-overtime-laws-by-country/,"1 month (workers, 1yr service)",https://eplex.ilo.org/en/country-detail?code=IND&yr=2026,"15 days/yr (retrenchment, 1+yr)",https://eplex.ilo.org/en/country-detail?code=IND&yr=2026,3-6 months typical (no central statute; set by contract),https://singhania.in/blog/probation-in-employment-contract,cause + notice,https://rivermate.com/guides/india#terminations-and-severance,Mandatory statutory bonus (min 8.33%),https://www.wisemonk.io/blogs/employee-bonuses-in-india,Monthly,https://www.rivermate.com/guides/india,DPDP Act 2023,https://www.dlapiperdataprotection.com/index.html?t=law&c=IN,Hindi; English,https://en.wikipedia.org/wiki/India,UTC+5:30,https://en.wikipedia.org/wiki/Indian_Standard_Time
Malaysia,MY,malaysia,East Asia & Pacific,Upper middle income,MYR,13.95,"~13-13.95% for wages up to MYR 5,000 (EPF 13%) or ~12.2-12.95% above MYR 5,000 (EPF 12%), plus SOCSO (injury/invalidity, max ~MYR 104.15/month) and EIS employment insurance (0.2%, max ~MYR 11.90)",https://taxsummaries.pwc.com/malaysia/individual/other-taxes,confirmed,12380,13125,35977838,3.8,2025,https://data.worldbank.org/country/MY,"RM1,700/month (from 1 Feb 2025)",https://www.payrollpanda.my/news/malaysia-minimum-wage-2025/,8 days (less than 2 years of service),https://www.payrollpanda.my/help/what-are-the-leave-entitlements-under-the-employment-act/,percentage,"The EPF employer rate is tiered by wage: 13% at or below MYR 5,000/month, dropping to 12% above it.",≥11 gazetted,https://rivermate.com/guides/malaysia#public-holidays-x26-regional-holidays,"14-22 days by tenure (60 if hospitalised), employer",https://rivermate.com/guides/malaysia#statutory-leave,98 days (14 wks) at 100% (employer),https://pelim.my/maternity-leave-under-the-employment-act-1955/,7 days at 100% (employer; married men),https://pelim.my/paternity-leave-under-the-employment-act-1955/,45 hours,https://www.playroll.com/working-hours/malaysia,"150% (200% rest day, 300% holiday)",https://www.playroll.com/working-hours/malaysia,4-8 weeks (by tenure),https://rivermate.com/guides/malaysia#notice-periods,"10-20 days/yr (by tenure, redundancy)",https://rivermate.com/guides/malaysia#severance-pay,3-6 months (up to 12 senior),https://www.lowpartners.com/probationary-employment-in-malaysia-an-in-depth-guide/,cause + notice,https://rivermate.com/guides/malaysia#probation-periods,,,Monthly,https://www.rivermate.com/guides/malaysia,PDPA 2010,https://www.dlapiperdataprotection.com/index.html?t=law&c=MY,Malay,https://en.wikipedia.org/wiki/Malaysia,UTC+8,https://en.wikipedia.org/wiki/Malaysia
South Korea,KR,south-korea,East Asia & Pacific,High income,KRW,14,"~10-14%: national pension 4.5% (PwC cites 4.75%), national health insurance ~4.07% (from Jan 2026), employment insurance 1.15-1.75% by size/industry, plus long-term care and workers' compensation 0.56-18.56% by industry",https://taxsummaries.pwc.com/republic-of-korea/individual/other-taxes,confirmed,37880,36227,51684564,2.7,2025,https://data.worldbank.org/country/KR,"₩10,320/hour (2026)",https://english.news.cn/20250805/a5f2216918e04442ad7b83c14ec76c39/c.html,"15 days (after 1 year, 80%+ attendance)",https://www.investkorea.org/file/ik-en/252025Labor_Laws_in_Korea.pdf,percentage,"Workers' compensation insurance ranges enormously (0.56%-18.56%) by industry, so it can dominate employer cost in high-risk sectors.","15 days (+ Labor Day, 1 May)",https://www.investkorea.org/file/ik-en/252025Labor_Laws_in_Korea.pdf,None statutory (non-work illness),https://intelligence.dlapiper.com/global-expansion-employment/?c=kr,90 days (~13 wks) at 100% (60d employer/EI),https://www.rivermate.com/guides/south-korea/leave,10 days at 100% (employment insurance),https://www.rivermate.com/guides/south-korea/leave,40 hours,https://www.investkorea.org/file/ik-en/252025Labor_Laws_in_Korea.pdf,150%,https://www.investkorea.org/file/ik-en/252025Labor_Laws_in_Korea.pdf,30 days,https://www.investkorea.org/file/ik-en/252025Labor_Laws_in_Korea.pdf,"1 month/yr (retirement allowance, 1+yr)",https://www.investkorea.org/file/ik-en/252025Labor_Laws_in_Korea.pdf,3 months (typical),https://www.investkorea.org/file/ik-en/252025Labor_Laws_in_Korea.pdf,cause required (strong protection),https://practiceguides.chambers.com/practice-guides/employment-2026/south-korea,Customary but not mandatory,https://practiceguides.chambers.com/practice-guides/employment-2026/south-korea,Monthly,https://www.investkorea.org/file/ik-en/252025Labor_Laws_in_Korea.pdf,PIPA,https://www.dlapiperdataprotection.com/index.html?t=law&c=KR,Korean,https://en.wikipedia.org/wiki/South_Korea,UTC+9,https://en.wikipedia.org/wiki/South_Korea
Qatar,QA,qatar,"Middle East, North Africa, Afghanistan & Pakistan",High income,QAR,14,"Social insurance employer contribution 14% of basic salary for Qatari (and GCC) nationals; employee pays 7%; combined contribution capped at QAR 100,000",https://hukoomi.gov.qa/en/articles/retirement-and-pension,confirmed,74330,72525,2972215,0.1,2025,https://data.worldbank.org/country/QA,"QAR 1,000/month basic (+QAR 500 housing +QAR 300 food if not provided in kind)",https://www.ilo.org/resource/news/qatar%E2%80%99s-new-minimum-wage-enters-force,3 weeks (21 days),https://www.dohaguides.com/qatar-labour-law-on-annual-leave-and-holidays/,percentage,"Only Qatari/GCC nationals are covered; the 2023 social insurance law raised the employer share from 10% to 14%, and non-GCC expatriates are excluded entirely","10 days (Eid al-Fitr 3, Eid al-Adha 3, National Day 1, + 3 employer-set)",https://www.almeezan.qa/LawView.aspx?opt&LawID=3961&language=en,"Up to 12 weeks (2wk full pay, 4wk half pay, 6wk unpaid)",https://www.almeezan.qa/LawArticles.aspx?LawTreeSectionID=12648&lawId=3961&language=en,50 days (~7 wks) at 100%,https://www.almeezan.qa/LawView.aspx?opt&LawID=3961&language=en,None statutory,https://www.rivermate.com/guides/qatar/leave,48 hours,https://www.getharvest.com/calculators/overtime-pay-calculator-in-the-middle-east,125% (150% night work),https://www.getharvest.com/calculators/overtime-pay-calculator-in-the-middle-east,1-2 months (by tenure),https://rivermate.com/guides/qatar#notice-periods,"3 weeks/yr (1+yr, gratuity)",https://www.almeezan.qa/LawArticles.aspx?LawTreeSectionID=12642&lawId=3961&language=en,6 months,https://intelligence.dlapiper.com/global-expansion-employment/?c=qa,cause + notice,https://rivermate.com/guides/qatar#notice-periods,,,Monthly,https://www.rivermate.com/guides/qatar,PDPPL (Law No. 13 of 2016),https://www.dlapiperdataprotection.com/index.html?t=law&c=QA,Arabic,https://en.wikipedia.org/wiki/Qatar,UTC+3,https://en.wikipedia.org/wiki/Qatar
Norway,NO,norway,Europe & Central Asia,High income,NOK,14.1,14.1% of gross salary and taxable benefits (standard rate); lower rates apply in certain sparsely populated areas,https://taxsummaries.pwc.com/norway/individual/other-taxes,confirmed,97310,94594,5610870,4.6,2025,https://data.worldbank.org/country/NO,,,25 working days (Sat counts; = 4 weeks + 1 day),https://www.tekna.no/en/salary-and-negotiations/employment-law/vacation/,percentage,"Flat 14.1%; the extra 5% surtax that applied to salaries above NOK 850,000 was abolished from 1 January 2025.",12 days,https://lovdata.no/dokument/NL/lov/1995-02-24-12,"Days 1-16 at 100% (employer), then NAV to 52 wks",https://rivermate.com/guides/norway#statutory-leave,49 wks at 100% or 59 wks at 80% (shared parental),https://rivermate.com/guides/norway#statutory-leave,15 weeks at 100% (fathers' quota),https://rivermate.com/guides/norway#statutory-leave,40 hours,https://www.arbeidstilsynet.no/en/working-hours-and-organisation-of-work/working-hours/overtime/,140% (min +40% supplement),https://www.arbeidstilsynet.no/en/working-hours-and-organisation-of-work/working-hours/overtime/,1-6 months (by tenure/age),https://rivermate.com/guides/norway#notice-periods,None (no statutory severance),https://rivermate.com/guides/norway#severance-pay,6 months,https://lovdata.no/lov/2005-06-17-62/%C2%A715-6,cause required (strong protection),https://rivermate.com/guides/norway#termination-offboarding,,,Monthly,https://www.rivermate.com/guides/norway,GDPR (EEA) + Personal Data Act,https://www.dlapiperdataprotection.com/index.html?t=law&c=NO,Norwegian,https://en.wikipedia.org/wiki/Norway,UTC+1,https://en.wikipedia.org/wiki/Norway
Luxembourg,LU,luxembourg,Europe & Central Asia,High income,EUR,14.24,"~12%-15%: pension 8% (8.5% from 2026) + sickness/health ~3.05% + mutual insurance fund ~0.5% + accident insurance (sector-variable, ~0.65%-1.13%); base capped around EUR 155,000/year",https://guichet.public.lu/en/entreprises/ressources-humaines/remuneration/cotisations-sociales/payer-cotisations.html,reported,95720,147252,686970,6.3,2025,https://data.worldbank.org/country/LU,"€2,771.33/month (unskilled, 18+)",https://www.expatica.com/lu/working/employment-law/luxembourg-minimum-wage-982309/,26 working days,https://guichet.public.lu/en/entreprises/ressources-humaines/conges/annuel/conge-annuel.html,percentage,Total employer rate varies by sector because accident insurance carries a bonus-malus factor and the mutual-fund rate depends on absenteeism class,11 days,https://rivermate.com/guides/luxembourg#public-x26-regional-holidays,"Employer to ~77 days (18-mo period), then CNS to 78 wks",https://cns.public.lu/en/employeur/maladie-accident-conges/indemnite-maladie-salaries.html,20 weeks (8+12) (CNS),https://luxembourg.public.lu/en/living/family/conges-parents.html,10 days at 100% (2d employer + 8d state),https://guichet.public.lu/dam-assets/catalogue-pdf/travail-ressources-humaines/conge-paternite/note-mteess-conge-parternite.pdf,40 hours,https://guichet.public.lu/en/entreprises/ressources-humaines/conditions-travail/gestion/heures-supp.html,140% (+40% premium),https://guichet.public.lu/en/entreprises/ressources-humaines/conditions-travail/gestion/heures-supp.html,2-6 months (by tenure),https://rivermate.com/guides/luxembourg#notice-periods,"1-12 months (5+yr, by tenure)",https://rivermate.com/guides/luxembourg#severance-pay,6 months (12 for high earners),https://itm.public.lu/fr/questions-reponses/droit-travail/periode-essai/a/a3.html,cause + notice,https://rivermate.com/guides/luxembourg#termination-offboarding,Customary but not mandatory,https://www.rivermate.com/guides/luxembourg,Monthly,https://www.rivermate.com/guides/luxembourg,GDPR (EU) + Law of 1 Aug 2018,https://www.dlapiperdataprotection.com/index.html?t=law&c=LU,Luxembourgish; French; German,https://en.wikipedia.org/wiki/Luxembourg,UTC+1,https://en.wikipedia.org/wiki/Luxembourg
Jordan,JO,jordan,"Middle East, North Africa, Afghanistan & Pakistan",Upper middle income,JOD,14.25,"Social Security Corporation employer contribution 14.25% (old-age/disability/death, work-injury, maternity, unemployment); employee pays 7.5%",https://taxsummaries.pwc.com/jordan/individual/other-taxes,confirmed,5260,5348,11520684,16.5,2025,https://data.worldbank.org/country/JO,JOD 290/month,https://wageindicator.org/salary/minimum-wage/minimum-wages-news/2025/minimum-wage-updated-in-jordan-from-01-january-2025-january-15-2025,14 days,https://www.cxcglobal.com/global-hiring-guide/jordan/leave-time-off-in-jordan/,percentage,Work-injury and maternity branches are entirely employer-funded; contributions apply to a capped monthly wage,,,14 days full + 14 days half pay,https://rivermate.com/guides/jordan#statutory-leave,70 days (10 wks) at 100%,https://rivermate.com/guides/jordan#statutory-leave,3 days paid,https://www.ilo.org/resource/news/extended-paternity-leave-urged-support-parenting-jordan,48 hours,https://www.playroll.com/working-hours/jordan,"125% weekday, 150% rest day/holiday",https://www.playroll.com/working-hours/jordan,1 month (indefinite contract),https://rivermate.com/guides/jordan#notice-periods,1 month/yr (end-of-service),https://rivermate.com/guides/jordan#severance-pay,3 months,https://mol.gov.jo/EBV4.0/Root_Storage/EN/EB_HomePage/labor_law_En.pdf,cause + notice,https://rivermate.com/guides/jordan#notice-periods,,,Monthly,https://www.rivermate.com/guides/jordan,PDPL (Law No. 24 of 2023),https://www.dlapiperdataprotection.com/index.html?t=law&c=JO,Arabic,https://en.wikipedia.org/wiki/Jordan,UTC+3,https://en.wikipedia.org/wiki/Time_in_Jordan
Panama,PA,panama,Latin America & Caribbean ,High income,PAB,14.75,~14.75% employer: social security (CSS) 13.25% (from 1 April 2025) plus educational insurance 1.50% on wages. A separate professional-risk premium (variable by risk class) also applies.,https://taxsummaries.pwc.com/panama/individual/other-taxes,confirmed,19140,19790,4571189,8.4,2025,https://data.worldbank.org/country/PA,B/.1.95-3.70/hour (no single national rate),https://www.jibble.io/es/legislacion-laboral/panama/salario-minimo,30 days (one month) per year,https://finiquitojusto.com/guias-de-finiquito-y-liquidacion/panama/vacaciones-panama/,percentage,"The CSS employer rate is on a legislated escalator: 13.25% from April 2025, rising to 14.25% in March 2027 and 15.25% from March 2029; there is no cap on the taxable wage base.",11 days,https://rivermate.com/guides/panama#public-x26-regional-holidays,"18 days/yr full pay (144 hrs fund), then CSS",https://docs.panama.justia.com/federales/codigos/codigo-de-trabajo.pdf,14 weeks at 100% (CSS),https://docs.panama.justia.com/federales/codigos/codigo-de-trabajo.pdf,3 days at 100%,https://www.sijusa.com/wp-content/uploads/2020/08/l_27_2017.pdf,48h (day); 42h (night),https://www.playroll.com/working-hours/panama,125% (150% rest day/night),https://www.playroll.com/working-hours/panama,2 weeks-2 months (by tenure),https://rivermate.com/guides/panama#notice-periods,Seniority premium 1 wk/yr + 3.4 wks/yr if dismissed without cause (first 10 yrs; then 1 wk/yr),https://docs.panama.justia.com/federales/codigos/codigo-de-trabajo.pdf,3 months,https://molinapanama.com/es/el-periodo-probatorio-en-el-contrato-de-trabajo/,cause required (strong protection),https://docs.panama.justia.com/federales/codigos/codigo-de-trabajo.pdf,Mandatory (13th),https://www.rivermate.com/guides/panama,Monthly,https://www.rivermate.com/guides/panama,Law No. 81 of 2019,https://www.dlapiperdataprotection.com/index.html?t=law&c=PA,Spanish,https://en.wikipedia.org/wiki/Panama,UTC-5,https://en.wikipedia.org/wiki/Panama
Sri Lanka,LK,sri-lanka,South Asia,Upper middle income,LKR,15,"EPF 12% (employer share) + ETF 3%, both paid entirely by the employer on total monthly earnings",https://www.cbsl.gov.lk/en/employees-provident-fund,confirmed,4670,5002,21756000,4,2025,https://data.worldbank.org/country/LK,"Rs 30,000/month (from Jan 2026)",https://wageindicator.org/work/minimum-wage/updates/2026/minimum-wage-updated-in-sri-lanka-from-01-january-2026-january-01-2026/,14 days,https://wageindicator.org/en-lk/work-in-sri-lanka/labour-law/annual-leave-and-holidays/,percentage,The 3% ETF is employer-only and cannot legally be deducted from wages; neither EPF nor ETF has a salary ceiling,"~25 days (gazetted, among world's highest)",https://rivermate.com/guides/sri-lanka#public-x26-regional-holidays,"7 days/yr at full pay (casual leave, incl. ill health)",https://labourdept.gov.lk/salary-wages-leave/,84 working days (Shop & Office Act),https://labourdept.gov.lk/child-labour-night-work-maternity-benefits-2/,None statutory (private sector),https://www.rivermate.com/guides/sri-lanka/leave,45 hours,https://rivermate.com/guides/sri-lanka#working-hours-x26-overtime,150% (200% rest day/holiday),https://www.playroll.com/working-hours/sri-lanka,1 month (monthly-paid),https://www.rivermate.com/guides/sri-lanka/termination,"2.5 months' pay per year (yrs 1-5), tapering to 0.5 (TEWA formula, cap LKR 2.5m)",https://www.desaram.com/sri-lanka-employment-termination-redundancy-laws-2025/,6 months (typical; no statutory max),https://wageindicator.org/en-lk/work-in-sri-lanka/labour-law/contracts-and-dismissals/,cause required (strong protection),https://rivermate.com/guides/sri-lanka#termination-offboarding,Customary but not mandatory,https://www.rivermate.com/guides/sri-lanka,Monthly,https://www.rivermate.com/guides/sri-lanka,PDPA No. 9 of 2022,https://www.dlapiperdataprotection.com/index.html?t=law&c=LK,Sinhala; Tamil,https://en.wikipedia.org/wiki/Sri_Lanka,UTC+5:30,https://en.wikipedia.org/wiki/Sri_Lanka
Serbia,RS,serbia,Europe & Central Asia,Upper middle income,RSD,15.15,15.15%: pension and disability insurance 10% + health insurance 5.15%; no employer unemployment contribution,https://taxsummaries.pwc.com/serbia/individual/other-taxes,confirmed,13480,15262,6549143,7.1,2025,https://data.worldbank.org/country/RS,"RSD 87,207/month (≈€742.7 gross)",https://countryeconomy.com/national-minimum-wage/serbia,20 working days,https://rivermate.com/guides/serbia#statutory-leave,percentage,Contribution base is capped at five times the published average monthly salary; a statutory minimum base (35.05% of average salary) also applies,~11 days,https://rivermate.com/guides/serbia#public-x26-regional-holidays,"65% (first 30 days employer, then health fund)",https://rivermate.com/guides/serbia#statutory-leave,"365 days (~52 wks) for 1st/2nd child, state-paid",https://rivermate.com/guides/serbia#statutory-leave,7 days (state-paid),https://rivermate.com/guides/serbia#statutory-leave,40 hours,https://rivermate.com/guides/serbia#working-hours-x26-overtime,126% (min +26%),https://rivermate.com/guides/serbia#working-hours-x26-overtime,8-30 days (by length of service; poor-performance dismissals),https://www.paragraf.rs/propisi/zakon_o_radu.html,1/3 month/yr (redundancy),https://rivermate.com/guides/serbia#severance-pay,6 months,https://godunaserbien.com/labor-law-in-serbia/,cause + notice,https://rivermate.com/guides/serbia#termination-offboarding,,,Monthly,https://www.rivermate.com/guides/serbia,Law on Personal Data Protection (2018),https://www.dlapiperdataprotection.com/index.html?t=law&c=RS,Serbian,https://en.wikipedia.org/wiki/Serbia,UTC+1,https://en.wikipedia.org/wiki/Serbia
Dominican Republic,DO,dominican-republic,Latin America & Caribbean ,Upper middle income,DOP,15.39,"~15.39% employer: pension (AFP) 7.10%, family healthcare (SFS) 7.09%, and labour-risk insurance 1.2% of salaries.",https://taxsummaries.pwc.com/dominican-republic/individual/other-taxes,confirmed,10620,11059,11520487,5.1,2025,https://data.worldbank.org/country/DO,"RD$29,988/month (large firms); RD$16,993-27,490 micro/small/medium",https://www.ey.com/es_ce/technical/tax/tax-alerts/republica-dominicana-salario-minimo-2026,14 working days (18 after 5 years),https://finiquitojusto.com/guias-de-finiquito-y-liquidacion/dominican-republic/vacaciones-laborales-republica-dominicana/,percentage,"Each component has a different contribution ceiling in minimum wages (pension capped at 20, healthcare at 10, labour risk at 4 minimum wages of quotable salary).",12 days,https://rivermate.com/guides/dominican-republic#public-holidays-x26-regional-holidays,,,14 weeks (98 days) at 100% (SDSS + employer),https://cnss.gob.do/noticias/cnss-dispuso-la-digitalizacion-de-solicitudes-subsidios-por-enfermedad-comun-maternidad-y-lactancia/,2 days (paid),https://rivermate.com/guides/dominican-republic#statutory-leave,44 hours,https://rivermate.com/guides/dominican-republic#working-hours-x26-overtime,"135% (day OT), 200% Sun/holiday",https://rivermate.com/guides/dominican-republic#overtime-x26-minimums,"7-28 days (preaviso, by tenure)",https://rivermate.com/guides/dominican-republic#notice-periods,"21 days/yr (cesantía, 1+yr, cap 23 yrs)",https://rivermate.com/guides/dominican-republic#severance-pay,3 months,https://finiquitojusto.com/derechos-laborales/periodo-prueba-republica-dominicana/,cause + notice,https://rivermate.com/guides/dominican-republic#notice-periods,Mandatory (13th),https://www.rivermate.com/guides/dominican-republic,Monthly or bi-weekly,https://www.rivermate.com/guides/dominican-republic,Law No. 172-13,https://www.dlapiperdataprotection.com/index.html?t=law&c=DO,Spanish,https://en.wikipedia.org/wiki/Dominican_Republic,UTC-4,https://en.wikipedia.org/wiki/Dominican_Republic
Cyprus,CY,cyprus,Europe & Central Asia,High income,EUR,15.4,"~15.4%: social insurance 8.8% + GHS/GESY 2.9% + social cohesion fund 2.0% + redundancy fund 1.2% + training development fund 0.5% (excludes 8% holiday fund, from which most employers are exempt)",https://taxsummaries.pwc.com/cyprus/corporate/other-taxes,confirmed,36110,41783,1370754,4.9,2025,https://data.worldbank.org/country/CY,"€1,088/month",https://cyprus-mail.com/2025/12/23/labour-minister-announces-increase-of-monthly-minimum-wage-to-1088-euro,20 days,https://boundlesshq.com/guides/cyprus/leave/,percentage,"The 2.0% social cohesion fund has NO earnings cap, while the other contributions are capped at EUR 68,904 insurable earnings (2026)",14-17 days (varies by year),https://eures.europa.eu/living-and-working/living-and-working-conditions-europe/living-and-working-conditions-cyprus_en,From day 4 (Social Insurance Fund); employer not required (except hotels/catering),https://www.mlsi.gov.cy/mlsi/dlr/dlr.nsf/All/161EB0185FB5A402C22586870039FD4D?OpenDocument,22 weeks (26 from third child),https://eures.europa.eu/living-and-working/living-and-working-conditions-europe/living-and-working-conditions-cyprus_en,2 weeks (Social Insurance Fund),https://rivermate.com/guides/cyprus#statutory-leave,40 hours,https://boundlesshq.com/guides/cyprus/hours-of-work/,No statutory premium (at least 1:1; contract/CBA sets rate),https://www.mlsi.gov.cy/mlsi/dlr/dlr.nsf/All/7780B3E07FE48C43C22586870039FD23?OpenDocument,1-8 weeks (by tenure),https://rivermate.com/guides/cyprus#notice-periods,"2-4 weeks/yr (scale to 25 yrs, 104+ wks service)",https://cyadvocates.com/termination-of-employment-and-redundancy-in-cyprus-an-employers-guide/,6 months,https://www.legal500.com/guides/chapter/cyprus-employment-and-labour-law/,cause + notice,https://rivermate.com/guides/cyprus#termination-offboarding,Customary but not mandatory,https://www.rivermate.com/guides/cyprus,Monthly,https://www.rivermate.com/guides/cyprus,GDPR (EU) + Law 125(I)/2018,https://www.dlapiperdataprotection.com/index.html?t=law&c=CY,Greek; Turkish,https://en.wikipedia.org/wiki/Cyprus,UTC+2,https://en.wikipedia.org/wiki/Cyprus
Benin,BJ,benin,Sub-Saharan Africa ,Lower middle income,XOF,15.4,~15.4-19.4% (pension 6.4% + family allowances 9% + work injury 1-4%),https://www.cleiss.fr/docs/cotisations/benin.html,reported,1600,1658,14814460,1.6,2025,https://data.worldbank.org/country/BJ,"XOF 52,000/month",https://www.rivermate.com/guides/benin,24 days,https://www.rivermate.com/guides/benin,percentage,Work-injury rate 1-4% by sector risk; contributions on salary up to the CNSS ceiling,,,,,14 wks full salary (CNSS),https://rivermate.com/guides/benin#statutory-leave,,,40 hours (48 agriculture),https://rivermate.com/guides/benin#working-hours-x26-overtime,112% (12% premium first 8h),https://rivermate.com/guides/benin#working-hours-x26-overtime,"15 days (daily/hourly), 1 month (staff), 3 months (managerial)",https://rivermate.com/guides/benin#notice-periods,"30% month/yr (yrs1-5), 35% (6-10), 40% (11+), per year",https://rivermate.com/guides/benin#severance-pay,,,cause + notice,https://rivermate.com/guides/benin#notice-periods,Customary but not mandatory,https://rivermate.com/guides/benin#typical-supplemental-benefits,Monthly,https://rivermate.com/guides/benin#payroll-cycles-x26-wage-structure,Digital Code (Law 2017-20) 2018 (Benin),https://www.dlapiperdataprotection.com/index.html?t=law&c=BJ,French,https://www.playroll.com/global-hiring-guides/benin,UTC+1,https://en.wikipedia.org/wiki/Time_in_Benin
Cote d'Ivoire,CI,cote-d-ivoire,Sub-Saharan Africa ,Lower middle income,XOF,15.45,~15.45-18.45% (pension 7.7% + family allowances 5.75% + work injury 2-5%),https://taxsummaries.pwc.com/ivory-coast/individual/other-taxes,confirmed,2780,,32711547,,2025,https://data.worldbank.org/country/CI,"XOF 75,000/month (SMIG)",https://www.ilo.org/setting-adequate-wages-c%C3%B4te-divoire,26 days,https://www.rivermate.com/guides/cote-divoire,percentage,"Pension base capped at XOF 3,375,000/month; family-allowance/work-injury base capped at XOF 70,000/month",,,5 days full pay/year (then service-based),https://rivermate.com/guides/cote-divoire#statutory-leave,14 wks paid,https://rivermate.com/guides/cote-divoire#statutory-leave,,,40 hours,https://wageindicator.org/fr-ci/travail-en-cote-d-ivoire/droit-du-travail/remuneration-et-temps-de-travail/,"115% (15% premium, 41st-46th h)",https://wageindicator.org/fr-ci/travail-en-cote-d-ivoire/droit-du-travail/remuneration-et-temps-de-travail/,8 days to 4 months by category/seniority,https://rivermate.com/guides/cote-divoire#notice-periods,"30% month/yr (yrs1-5), 35% (6-10), 40% (11+), per year",https://www.economie-ivoirienne.ci/sites/default/files/sites/default/files/inline-files/Loi%20n%C2%B0%202015-532%20du%2020%20juillet%202015%20portant%20code%20du%20Travail.pdf,,,cause + notice,https://rivermate.com/guides/cote-divoire#termination-offboarding,Customary but not mandatory,https://rivermate.com/guides/cote-divoire#typical-supplemental-benefits,Monthly,https://rivermate.com/guides/cote-divoire#payroll-cycles-x26-wage-structure,Law No. 2013-450 on Personal Data Protection (Cote d'Ivoire),https://www.dlapiperdataprotection.com/index.html?t=law&c=CI,French,https://www.playroll.com/global-hiring-guides/ivory-coast,UTC+0,https://en.wikipedia.org/wiki/Time_in_Ivory_Coast
Andorra,AD,andorra,Europe & Central Asia,High income,EUR,15.5,15.5% (CASS social security),https://www.cass.ad/cotitzacions-recarrecs-sancions,reported,,,82904,,2024,https://data.worldbank.org/country/AD,"EUR 1,525.33/month",https://www.rivermate.com/guides/andorra,30 calendar days,https://www.rivermate.com/guides/andorra,percentage,Employee contributes 6.5% (total 22%); split into a general/health branch (7%) and a retirement branch (8.5%),,,,,20 weeks at 100%,https://www.cass.ad/prestacio-economica-maternitat,6 wks at 100% (2026 births; rising to 20 wks by 2030),https://www.cass.ad/descans-paternitat-o-la-parella-que-hagi-reconegut-legalment-linfant,40 hours,https://rivermate.com/guides/andorra#working-hours-x26-overtime,125% (25% premium first 4h),https://rivermate.com/guides/andorra#overtime-x26-minimums,"12 days per year of service, max 30 days (employer)",https://portaljuridicandorra.ad/L2018031,15 days' salary per year of service (unjustified dismissal; capped),https://rivermate.com/guides/andorra#severance-pay,,,cause + notice,https://rivermate.com/guides/andorra#termination-offboarding,Customary but not mandatory,https://rivermate.com/guides/andorra#payroll-cycles-x26-wage-structure,Monthly,https://rivermate.com/guides/andorra#payroll-cycles-x26-wage-structure,Qualified Law 29/2021 on Personal Data Protection (Andorra),https://www.portaljuridicandorra.ad/L2021029,Catalan,https://www.playroll.com/global-hiring-guides/andorra,UTC+1,https://en.wikipedia.org/wiki/Time_in_Andorra
United Kingdom,GB,united-kingdom,Europe & Central Asia,High income,GBP,16,"~16% (employer NI 15% above £5,000 + ~3% auto-enrolment pension); approaches ~18% at higher salaries",https://taxsummaries.pwc.com/united-kingdom/individual/other-taxes,confirmed,54550,57602,69487000,4.7,2025,https://data.worldbank.org/country/GB,"£12.71/hour (National Living Wage, age 21+, from Apr 2026)",https://www.gov.uk/national-minimum-wage-rates,5.6 weeks (28 days),https://www.gov.uk/holiday-entitlement-rights,percentage,"Employer NI (secondary Class 1) is 15% with the threshold cut to £5,000/yr; a £10,500 Employment Allowance offsets liability for smaller employers.",8 bank holidays (within 5.6 wks / 28 days statutory leave),https://www.citizensadvice.org.uk/work/holidays-and-holiday-pay/working-on-bank-holidays/,Up to 28 weeks Statutory Sick Pay (employer),https://rivermate.com/guides/united-kingdom#statutory-employee-benefits,"52 weeks (39 paid: 6 wks at 90%, then flat SMP)",https://rivermate.com/guides/united-kingdom#statutory-employee-benefits,2 weeks (Statutory Paternity Pay),https://www.gov.uk/paternity-pay-leave/leave,"No statutory standard (48h weekly limit, avg)",https://en.wikipedia.org/wiki/Working_time,No statutory rate (contract/CBA),https://www.deel.com/blog/global-overtime-laws-by-country/,"1 wk (<2 yrs), then 1 wk/yr, up to 12 weeks (12+ yrs)",https://www.legislation.gov.uk/ukpga/1996/18/section/86,"0.5-1.5 weeks/yr (age-based, max 20 yrs)",https://rivermate.com/guides/united-kingdom#statutory-employee-benefits,No statutory maximum (3-6 mo typical),https://www.acas.org.uk/probation-periods,cause + notice,https://rivermate.com/guides/united-kingdom#terminations,,,Monthly,https://www.rivermate.com/guides/united-kingdom,UK GDPR + DPA 2018,https://www.dlapiperdataprotection.com/index.html?t=law&c=GB,English,https://en.wikipedia.org/wiki/United_Kingdom,UTC+0,https://en.wikipedia.org/wiki/United_Kingdom
Japan,JP,japan,East Asia & Pacific,High income,JPY,16,"~15.5-16.5% (employer half of social insurance: welfare pension 9.15%, health ~4.7-5.4% by prefecture, employment insurance 0.9%, long-term care 0.795% for ages 40-64, plus work-injury 0.25-8.8% by industry)",https://www.jetro.go.jp/en/invest/setting_up/section4/page9.html,confirmed,38340,35951,123366734,2.5,2025,https://data.worldbank.org/country/JP,"¥1,121/hour (national weighted average, FY2025; prefectural rates range ¥1,023-¥1,226)",https://en.wikipedia.org/wiki/Minimum_wage_in_Japan,10 days (after 6 months of continuous service),https://www.japaneselawtranslation.go.jp/en/laws/view/5/en,percentage,"Pension and health premiums are split 50/50 with the employee; the work-injury rate varies widely by industry (office ~0.3%), pushing high-risk sectors above 16.5%.",16 days,https://rivermate.com/guides/japan#public-x26-regional-holidays,None statutory (use annual leave),https://rivermate.com/guides/japan#statutory-leave,14 weeks (6 pre + 8 post) at ~2/3 (health insurance),https://iclg.com/practice-areas/employment-and-labour-laws-and-regulations/japan,4 weeks within 8 wks of birth (employment insurance),https://rivermate.com/guides/japan#statutory-leave,40 hours,https://www.deel.com/blog/global-overtime-laws-by-country/,125% (150% over 60h/month),https://www.deel.com/blog/global-overtime-laws-by-country/,30 days,https://rivermate.com/guides/japan#notice-periods,None (no statutory severance),https://rivermate.com/guides/japan#severance-pay,3-6 months (typical),https://leglobal.law/countries/japan/employment-law/employment-law-overview-japan/02-employment-contracts/,cause required (strong protection),https://rivermate.com/guides/japan#termination-offboarding,Customary but not mandatory,https://www.rivermate.com/guides/japan,Monthly,https://www.rivermate.com/guides/japan,APPI,https://www.dlapiperdataprotection.com/index.html?t=law&c=JP,Japanese,https://en.wikipedia.org/wiki/Japan,UTC+9,https://en.wikipedia.org/wiki/Japan_Standard_Time
Burkina Faso,BF,burkina-faso,Sub-Saharan Africa ,Low income,XOF,16,16% (family allowances 7% + pension 7% + work injury 2%),https://cnssbf.org/?p=2078,confirmed,980,1148,24074580,3.5,2025,https://data.worldbank.org/country/BF,"XOF 45,000/month",https://www.aib.media/?p=74859,22 paid days,https://wageindicator.org/fr-bf/travail-au-burkina-faso/droit-du-travail/conge-annuel-et-vacances/,percentage,Employees contribute an additional 5.5%,,,,,14 wks full salary (CNSS),https://cnssbf.org/?p=1634,3 days paid,https://africarrieres.com/burkina-faso/fr/guide/droit-du-travail/heures-et-conges,40 hours,https://africarrieres.com/burkina-faso/fr/guide/droit-du-travail/heures-et-conges,"125% (hrs 41-48), 135% (over 48h), 160% night",https://africarrieres.com/burkina-faso/fr/guide/droit-du-travail/heures-et-conges,"1 month (<5yr), 2 months (5-10yr), 3 months (>10yr)",https://africarrieres.com/burkina-faso/fr/guide/droit-du-travail/code-du-travail,"1 month salary/yr (yrs 1-5), 1.5 months/yr (yr 6+)",https://africarrieres.com/burkina-faso/fr/guide/droit-du-travail/code-du-travail,,,cause + notice,https://africarrieres.com/burkina-faso/fr/guide/droit-du-travail/code-du-travail,Customary but not mandatory,https://www.hcwpolicylab.org/wp-content/uploads/2023/12/Burkina-Faso-Labor-Code-1.pdf,Monthly,https://africarrieres.com/burkina-faso/fr/guide/droit-du-travail/code-du-travail,Law No. 001-2021 on Personal Data Protection (Burkina Faso),https://www.dlapiperdataprotection.com/index.html?t=law&c=BF,French,https://www.playroll.com/global-hiring-guides/burkina-faso,UTC+0,https://en.wikipedia.org/wiki/Time_in_Burkina_Faso
Cabo Verde,CV,cabo-verde,Sub-Saharan Africa ,Upper middle income,CVE,16,"16% (INPS social security; employee 8.5%, total 24.5%)",https://taxsummaries.pwc.com/cabo-verde/individual/other-taxes,reported,5590,5796,527326,11.9,2025,https://data.worldbank.org/country/CV,"CVE 17,000/month (private sector)",https://expressodasilhas.cv/pais/2025/01/26/novo-salario-minimo-entra-em-vigor-enquanto-debate-sobre-se-e-suficiente-persiste/95305,22 days,https://advogados.cv/en/labour-code-in-cape-verde/,percentage,"Employer rate 16%, charged on gross monthly earnings; employee adds 8.5% (total 24.5%)",,,,,,,,,44 hours,https://rivermate.com/guides/cabo-verde#overtime-x26-minimums,135% (35% premium),https://dgtcv.gov.cv/index.php?option=com_sppagebuilder&view=page&id=20&Itemid=729,30 to 75 days by length of service (objective just cause),https://asanify.com/global-employer-of-record/cape-verde/employment-laws/,Owed for termination without just cause (by length of service),https://asanify.com/global-employer-of-record/cape-verde/employment-laws/,,,cause required (strong protection),https://asanify.com/global-employer-of-record/cape-verde/employment-laws/,Customary but not mandatory,https://rivermate.com/guides/cabo-verde#compensation-payroll,Monthly,https://rivermate.com/guides/cabo-verde#payroll-cycles-x26-wage-structure,Law 133/V/2001 on Data Protection (Cabo Verde),https://www.dlapiperdataprotection.com/index.html?t=law&c=CV,Portuguese,https://www.playroll.com/global-hiring-guides/cape-verde,UTC-1,https://en.wikipedia.org/wiki/Time_in_Cape_Verde
El Salvador,SV,el-salvador,Latin America & Caribbean ,Upper middle income,USD,16.25,~16.25% (ISSS health 7.5% + pension AFP 8.75%),https://taxsummaries.pwc.com/el-salvador/individual/other-taxes,confirmed,,5767,6365503,3.3,2025,https://data.worldbank.org/country/SV,US$408.80/month (industry & services),https://www.mtps.gob.sv/2025/04/25/408-80-seria-nuevo-salario-minimo-en-industria-y-servicio-tras-incremento-del-12-anunciado-por-el-presidente-nayib-bukele/,15 days,https://www.rivermate.com/guides/el-salvador,percentage,"ISSS employer contribution capped at USD 75/month for salaries above USD 1,000",11 days/year,https://rivermate.com/guides/el-salvador#public-x26-regional-holidays,,,16 wks paid (ISSS),https://rivermate.com/guides/el-salvador#statutory-leave,3 days paid,https://rivermate.com/guides/el-salvador#statutory-leave,44 hours (day work),https://rivermate.com/guides/el-salvador#working-hours-x26-overtime,200% (double),https://rivermate.com/guides/el-salvador#overtime-x26-minimums,,,30 days' ordinary salary per year of service (unjustified dismissal),https://rivermate.com/guides/el-salvador#severance-pay,,,Indemnity + protected grounds (no cause required),https://www.constituteproject.org/constitution/El_Salvador_2014?lang=es,"Mandatory (Aguinaldo, tenure-scaled)",https://rivermate.com/guides/el-salvador#compensation-payroll,Monthly or bi-weekly,https://rivermate.com/guides/el-salvador#payroll-cycles-x26-wage-structure,Personal Data Protection Law (Decree 144) 2024 (El Salvador),https://www.refworld.org/es/leg/legis/pleg/2024/es/149336,Spanish,https://www.playroll.com/global-hiring-guides/el-salvador,UTC-6,https://en.wikipedia.org/wiki/Time_in_El_Salvador
Croatia,HR,croatia,Europe & Central Asia,High income,EUR,16.5,"16.5% health insurance, the only employer social contribution; the base (gross salary) is not capped",https://taxsummaries.pwc.com/croatia/individual/other-taxes,confirmed,25360,27104,3876200,5,2025,https://data.worldbank.org/country/HR,"€1,050/month",https://countryeconomy.com/national-minimum-wage/croatia,20 working days (4 weeks),https://www.cxcglobal.com/global-hiring-guide/croatia/leave-time-off-in-croatia/,percentage,"Croatia abolished employer pension contributions: the employer pays only 16.5% health insurance, while the two pension pillars (20%) are withheld entirely from the employee",14 days,"https://www.zakon.hr/z/372/Zakon-o-blagdanima,-spomendanima-i-neradanim-danima-u-Republici-Hrvatskoj","First 42 days at ≥70% (employer), then HZZO",https://rivermate.com/guides/croatia#statutory-leave,"28 days pre-birth to child's 6 months, 100% (HZZO)",https://www.zakon.hr/z/214/zakon-o-rodiljnim-i-roditeljskim-potporama,20 working days at 100% (HZZO),https://www.zakon.hr/z/214/zakon-o-rodiljnim-i-roditeljskim-potporama,40 hours,https://boundlesshq.com/guides/croatia/hours-of-work/,"At least 150% (min +50%, Labour Act 2023)",https://www.usemultiplier.com/croatia/working-hours,"2 weeks-3 months by tenure (+2 wks at 50+, +1 mo at 55+ with 20 yrs)",https://www.zakon.hr/z/307/Zakon-o-radu,1/3 month/yr (after 2 yrs),https://rivermate.com/guides/croatia#severance-pay,6 months,https://wageindicator.org/hr-hr/rad-u-hrvatskoj/radno-pravo/ugovori-i-otpustanja/,cause + notice,https://rivermate.com/guides/croatia#notice-periods,Customary but not mandatory,https://www.rivermate.com/guides/croatia,Monthly,https://www.rivermate.com/guides/croatia,GDPR (EU) + Implementation Act,https://www.dlapiperdataprotection.com/index.html?t=law&c=HR,Croatian,https://en.wikipedia.org/wiki/Croatia,UTC+1,https://en.wikipedia.org/wiki/Croatia
Paraguay,PY,paraguay,Latin America & Caribbean ,Upper middle income,PYG,16.5,"16.5% (IPS social security, commercial entities)",https://taxsummaries.pwc.com/paraguay/individual/other-taxes,confirmed,,7027,7013078,4.8,2025,https://data.worldbank.org/country/PY,"PYG 2,899,048/month",https://www.rivermate.com/guides/paraguay,12 working days,https://www.rivermate.com/guides/paraguay,percentage,Financial entities pay 17%; computed on total payroll excluding the annual bonus and family allowance,,,,,18 wks full pay (IPS),https://rivermate.com/guides/paraguay#statutory-leave,2 wks paid (employer),https://rivermate.com/guides/paraguay#statutory-leave,48 hours (day work),https://rivermate.com/guides/paraguay#working-hours-x26-overtime,150% (weekday; 200% Sunday/holiday),https://rivermate.com/guides/paraguay#working-hours-x26-overtime,"30 days (≤1yr), 45 days (1-5yr), 60 days (5-10yr), 90 days (>10yr)",https://rivermate.com/guides/paraguay#notice-periods,,,,,cause + notice,https://rivermate.com/guides/paraguay#notice-periods,Mandatory (13th),https://rivermate.com/guides/paraguay#payroll-cycles-x26-wage-structure,Monthly,https://rivermate.com/guides/paraguay#payroll-cycles-x26-wage-structure,Law 6534/2020 (credit data only); comprehensive Law 7593/2025 in force Nov 2027 (Paraguay),https://www.dlapiperdataprotection.com/index.html?t=law&c=PY,Spanish,https://www.playroll.com/global-hiring-guides/paraguay,UTC-3,https://en.wikipedia.org/wiki/Time_in_Paraguay
Albania,AL,albania,Europe & Central Asia,Upper middle income,ALL,16.7,16.7% (social insurance 15% + health insurance 1.7%),https://taxsummaries.pwc.com/albania/individual/other-taxes,confirmed,,12998,2349580,10.9,2025,https://data.worldbank.org/country/AL,"ALL 50,000/month",https://www.rivermate.com/guides/albania,20 paid days,https://www.rivermate.com/guides/albania,percentage,Contributions withheld and paid by the employer; 15% social insurance + 1.7% health insurance,,,"First 14 days employer ≥80%, then Social Insurance",https://rivermate.com/guides/albania#statutory-leave,Up to 365 days (~52 wks); 80% then 50%,https://rivermate.com/guides/albania#statutory-leave,3 days paid,https://rivermate.com/guides/albania#statutory-leave,40 hours,https://rivermate.com/guides/albania#working-hours-x26-overtime,125% (25% premium; 150% weekend/holiday),https://rivermate.com/guides/albania#overtime-x26-minimums,"1 month (1st yr), 2 months (2-5 yrs), 3 months (>5 yrs)",https://adsdatabase.ohchr.org/IssueLibrary/ALBANIA_Code%20of%20Labour.pdf,15 days salary per year of service (after 3 yrs' service),https://adsdatabase.ohchr.org/IssueLibrary/ALBANIA_Code%20of%20Labour.pdf,,,cause + notice,https://rivermate.com/guides/albania#termination-offboarding,,,Monthly,https://rivermate.com/guides/albania#payroll-cycles-x26-wage-structure,Law No. 124/2024 on Personal Data Protection (Albania),https://www.dlapiperdataprotection.com/index.html?t=law&c=AL,Albanian,https://www.playroll.com/global-hiring-guides/albania,UTC+1,https://en.wikipedia.org/wiki/Time_in_Albania
Singapore,SG,singapore,East Asia & Pacific,High income,SGD,17,"~17% employer CPF (employees aged 55 and under), for citizens and PRs ONLY; 0% for foreign employees on work passes; capped on Ordinary Wage up to S$8,000/mo from 2026",https://taxsummaries.pwc.com/singapore/individual/other-taxes,confirmed,81760,98814,6111175,2.8,2025,https://data.worldbank.org/country/SG,,,7 days (after 1 year of service),https://www.mom.gov.sg/employment-practices/leave/annual-leave/eligibility-and-entitlement,percentage,"CPF applies only to Singapore citizens and PRs, so the real employer burden is often much lower when hiring foreign talent on work passes.",11 days,https://rivermate.com/guides/singapore#public-holidays-x26-regional-holidays,"14 days outpatient (60 if hospitalised), employer",https://rivermate.com/guides/singapore#sick-leave-and-hospitalisation-leave,16 weeks (Govt-Paid Maternity Leave),https://rivermate.com/guides/singapore#maternity-leave-entitlements,4 weeks (Govt-Paid Paternity Leave),https://rivermate.com/guides/singapore#paternity-leave-entitlements,44 hours,https://www.deel.com/blog/global-overtime-laws-by-country/,150%,https://www.deel.com/blog/global-overtime-laws-by-country/,1 day-4 weeks (by tenure),https://rivermate.com/guides/singapore#minimum-notice-period-requirements-under-the-employment-act,"2 wks-1 month/yr (2+yr, not mandated)",https://rivermate.com/guides/singapore#severance-pay-retrenchment-benefits-eligibility-and-calculation,No statutory maximum (3-6 mo typical),https://www.mom.gov.sg/faq/maternity-leave/if-the-contractual-probation-period-is-longer-than-the-3-months-minimum-qualifying-period-will-the-employee-enjoy-maternity-protection,cause + notice,https://rivermate.com/guides/singapore#notice-periods,Customary but not mandatory,https://www.rivermate.com/guides/singapore,Monthly,https://www.rivermate.com/guides/singapore,PDPA 2012,https://www.dlapiperdataprotection.com/index.html?t=law&c=SG,English; Malay; Mandarin; Tamil,https://en.wikipedia.org/wiki/Singapore,UTC+8,https://en.wikipedia.org/wiki/Singapore_Standard_Time
Tunisia,TN,tunisia,"Middle East, North Africa, Afghanistan & Pakistan",Lower middle income,TND,17.07,17.07% employer CNSS: 16.57% standard social security plus a new 0.5% Unemployment Insurance Fund contribution effective 1 January 2025.,https://taxsummaries.pwc.com/tunisia/individual/other-taxes,confirmed,4300,4657,12348573,15.1,2025,https://data.worldbank.org/country/TN,TND 528.32/month (48-hour week),https://wageindicator.org/salary/minimum-wage/minimum-wages-news/2025/minimum-wage-revised-in-tunisia-from-01-january-2025-january-15-2025,12 working days,https://rivermate.com/guides/tunisia#statutory-leave,percentage,The standard 16.57% employer rate is slashed to 0.5% for wholly-exporting industrial companies (a major incentive for the offshore export sector).,9 days,https://www.jurisitetunisie.com/tunisie/codes/ct/Ct3145.htm,"~66.67% (CNSS, after ~5-day wait)",https://rivermate.com/guides/tunisia#statutory-leave,30 days at ~66.67% (CNSS),https://rivermate.com/guides/tunisia#statutory-leave,7 days paid (10 for multiple birth or special-needs child),https://lake.jort.tn/journal-officiel/fr/2024/099.pdf,48 hours (40h regime also exists),https://www.playroll.com/working-hours/tunisia,175% (48h regime),https://www.playroll.com/working-hours/tunisia,1 month (3 months executives),https://rivermate.com/guides/tunisia#notice-periods,"1 day's wage/month of service (~12 days/yr), cap 3 months' pay",https://www.jurisitetunisie.com/tunisie/codes/ct/Ct1020.htm,6 months (renewable once),https://knowledge.dlapiper.com/dlapiperknowledge/globalemploymentlatestdevelopments/2025/New-legislation-overhauling-Tunisias-employment-framework,cause + notice,https://rivermate.com/guides/tunisia#notice-periods,Customary but not mandatory,https://www.rivermate.com/guides/tunisia,Monthly,https://www.rivermate.com/guides/tunisia,Organic Law No. 2004-63,https://www.dlapiperdataprotection.com/index.html?t=law&c=TN,Arabic,https://en.wikipedia.org/wiki/Tunisia,UTC+1,https://en.wikipedia.org/wiki/Tunisia
Slovenia,SI,slovenia,Europe & Central Asia,High income,EUR,17.1,17.1%: pension/disability 8.85% + health 6.56% + injury-at-work 0.53% + parental 0.10% + unemployment 0.06% + long-term care 1% (added Jul 2025),https://taxsummaries.pwc.com/slovenia/individual/other-taxes,confirmed,35520,37376,2130986,3.2,2025,https://data.worldbank.org/country/SI,"€1,481.88/month",https://kpmg.com/xx/en/our-insights/gms-flash-alert/2026/flash-alert-2026-050.html,20 working days,https://www.leavebalance.com/leave-laws/si/annual/,percentage,"A new 1% long-term care contribution took effect 1 July 2025, raising the employer total; no statutory ceiling applies",14 days,https://rivermate.com/guides/slovenia#public-x26-regional-holidays,"First 30 days at 80% (employer), then ZZZS",https://rivermate.com/guides/slovenia#statutory-leave,105 days at 100% of the basis (no cap),https://www.gov.si/en/policies/familiy-children-and-marriage/family-rights-and-benefits/,30 days paid (ZZZS),https://rivermate.com/guides/slovenia#statutory-leave,40 hours,https://spot.gov.si/en/info/employees/working-hours,130% (min +30%),https://www.playroll.com/working-hours/slovenia,15-80 days (by tenure),https://cms.law/en/int/expert-guides/cms-expert-guide-to-labour-law-in-central-eastern-europe/slovenia,"1/5-1/3 month/yr (scale, cap 10x)",https://rivermate.com/guides/slovenia#severance-pay,6 months (max),https://cms.law/en/int/expert-guides/cms-expert-guide-to-labour-law-in-central-eastern-europe/slovenia,cause + notice,https://rivermate.com/guides/slovenia#termination-offboarding,Customary but not mandatory,https://www.rivermate.com/guides/slovenia,Monthly,https://www.rivermate.com/guides/slovenia,GDPR (EU) + ZVOP-2,https://www.dlapiperdataprotection.com/index.html?t=law&c=SI,Slovene,https://en.wikipedia.org/wiki/Slovenia,UTC+1,https://en.wikipedia.org/wiki/Slovenia
Bolivia,BO,bolivia,Latin America & Caribbean ,Lower middle income,BOB,17.21,17.21% (general); mining sector 19.51%,https://taxsummaries.pwc.com/bolivia/corporate/other-taxes,confirmed,4420,,12581843,3,2025,https://data.worldbank.org/country/BO,"BOB 3,300/month",https://www.rivermate.com/guides/bolivia,15 working days,https://www.rivermate.com/guides/bolivia,percentage,Mining-sector employers pay 19.51% of gross salary,,,"From day 4: social security subsidy (up to 26 wks, +26)",https://mintrabajo.gob.bo/wp-content/uploads/2025/09/7.-Decreto-Ley-13214.pdf,"90 days (45 pre + 45 post), 100% of pay",https://mintrabajo.gob.bo/wp-content/uploads/2025/10/Libro-No-73-Guia-de-derechos-laborales-MTEPS-2024.pdf,3 days paid,https://rivermate.com/guides/bolivia#statutory-leave,48 hours,https://rivermate.com/guides/bolivia#working-hours-x26-overtime,200% (double),https://rivermate.com/guides/bolivia#working-hours-x26-overtime,No statutory notice; 3 months' pay 'desahucio' if dismissed without cause,https://rivermate.com/guides/bolivia#notice-periods,1 month salary (indemnizacion) per year of service,https://rivermate.com/guides/bolivia#severance-pay,,,cause + notice,https://rivermate.com/guides/bolivia#termination-offboarding,Mandatory (13th),https://rivermate.com/guides/bolivia#payroll-cycles-x26-wage-structure,Monthly,https://rivermate.com/guides/bolivia#payroll-cycles-x26-wage-structure,None (no comprehensive law; constitutional),https://www.dlapiperdataprotection.com/index.html?t=law&c=BO,Spanish,https://www.playroll.com/global-hiring-guides/bolivia,UTC-4,https://en.wikipedia.org/wiki/UTC%E2%88%9204:00
Kazakhstan,KZ,kazakhstan,Europe & Central Asia,Upper middle income,KZT,17.5,Employer-borne: social tax 6% + obligatory social insurance 5% + medical insurance (OMIC) 3% + obligatory employer pension contribution (OPPV) 3.5% in 2026 = ~17.5%; plus 5% for hazardous-condition roles,https://taxsummaries.pwc.com/kazakhstan/individual/other-taxes,confirmed,13740,14692,20843754,4.8,2025,https://data.worldbank.org/country/KZ,"₸85,000/month",https://www.bcc.kz/en/bcc-journal/mpr-mzp/,24 calendar days,https://asanify.com/global-employer-of-record/kazakhstan/employment-laws/,percentage,"The OPPV employer pension contribution phases up from 1.5% (2024) to 5% (2028); social and pension contributions apply only to Kazakh, resident, and EAEU-national staff",15 days (13 by law + Jan 7 and Kurban Ait),https://old.adilet.zan.kz/eng/docs/Z010000267_,"Employer first 15 days, then social insurance",https://rivermate.com/guides/kazakhstan#statutory-leave,126 days (18 wks) at 100% (social insurance),https://rivermate.com/guides/kazakhstan#statutory-leave,None paid (up to 5 days unpaid),https://old.adilet.zan.kz/eng/docs/K1500000414,40 hours,https://asanify.com/global-employer-of-record/kazakhstan/employment-laws/,150% (min),https://statistics.timecamp.com/countries-overtime-law/kazakhstan/,1 month (redundancy/liquidation),https://rivermate.com/guides/kazakhstan#notice-periods,1 month avg wage (redundancy),https://rivermate.com/guides/kazakhstan#severance-pay,3 months (6 for senior management),https://adilet.zan.kz/eng/docs/K1500000414,cause required (strong protection),https://old.adilet.zan.kz/eng/docs/K1500000414,,,Monthly,https://www.rivermate.com/guides/kazakhstan,Law on Personal Data and its Protection (2013),https://www.dlapiperdataprotection.com/index.html?t=law&c=KZ,Kazakh; Russian,https://en.wikipedia.org/wiki/Kazakhstan,UTC+5,https://en.wikipedia.org/wiki/Time_in_Kazakhstan
Togo,TG,togo,Sub-Saharan Africa ,Lower middle income,XOF,17.5,17.5% (pension 12.5% + family allowances 3% + work injury 2%),https://www.cleiss.fr/docs/cotisations/togo.html,confirmed,1350,1384,8591626,2,2025,https://data.worldbank.org/country/TG,"XOF 52,500/month",https://www.rivermate.com/guides/togo,30 days,https://www.rivermate.com/guides/togo,percentage,Family-allowance and work-injury branches are fully employer-funded; employee adds 4% pension; CNSS ceiling applies,,,,,14 wks (98 days),https://rivermate.com/guides/togo#statutory-leave,,,40 hours,https://rivermate.com/guides/togo#working-hours-x26-overtime,"120% (20% premium, 41st-48th h)",https://rivermate.com/guides/togo#working-hours-x26-overtime,"15 days (hourly-paid), 1 month (workers, employees), 3 months (supervisors, managers)",https://faolex.fao.org/docs/pdf/tog213551.pdf,"35% month/yr (yrs1-5), 40% (6-10), 45% (11+), per year",https://legitrack.africa/?p=1749,,,cause + notice,https://rivermate.com/guides/togo#notice-periods,Not mandatory (optional under collective agreement),https://www.lqdd.org/video-treizieme-mois/,Monthly,https://rivermate.com/guides/togo#payroll-cycles-x26-wage-structure,Law No. 2019-014 on Personal Data Protection (Togo),https://www.afapdp.org/archives/download-view/togo-loi-n-2019-014-du-29-octobre-2019-relative-a-la-protection-des-donnees-a-caractere-personnel,French,https://www.playroll.com/global-hiring-guides/togo,UTC+0,https://en.wikipedia.org/wiki/Time_in_Togo
Mali,ML,mali,Sub-Saharan Africa ,Low income,XOF,17.9,~17.9-20.9% social security (INPS pension/family/injury 14.4-17.4% + health AMO 3.5%); ~25.6-28.6% including payroll taxes,https://www.cleiss.fr/docs/cotisations/mali.html,confirmed,1120,1193,25198821,2.8,2025,https://data.worldbank.org/country/ML,"XOF 40,000/month (SMIG)",https://countryeconomy.com/national-minimum-wage/mali,24 working days (2 days/month),https://africarrieres.com/mali/fr/guide/droit-du-travail/heures-et-conges,percentage,"Total employer burden reaches ~25.9-28.9% once contribution forfaitaire, housing tax and ANPE levy are added; INPS work-injury varies by risk",12 days/year,https://www.officeholidays.com/countries/mali/2026,,,14 wks (100%),https://wageindicator.org/fr-ml/travail-au-mali/droit-du-travail/maternite-et-travail/,3 days paid,https://africarrieres.com/mali/fr/guide/droit-du-travail/heures-et-conges,40 hours,https://wageindicator.org/fr-ml/travail-au-mali/droit-du-travail/remuneration-et-temps-de-travail/,"110% (10% premium, 41st-48th h)",https://wageindicator.org/fr-ml/travail-au-mali/droit-du-travail/remuneration-et-temps-de-travail/,"8 days (daily-paid), 1 month (monthly), 2 months (supervisory)",https://africarrieres.com/mali/en/guide/droit-du-travail/termination-severance,,,,,cause + notice,https://africarrieres.com/mali/en/guide/droit-du-travail/termination-severance,None (no statutory entitlement),https://www.neeyamo.com/global-guide/mali,Monthly,https://www.neeyamo.com/global-guide/mali,Law No. 2013-015 on Personal Data Protection (Mali),https://www.afapdp.org/wp-content/uploads/2018/05/Mali-Loi-sur-la-protection-des-donnees-personnelles-du-21-mai-2013.pdf,French,https://www.playroll.com/global-hiring-guides/mali,UTC+0,https://en.wikipedia.org/wiki/Time_in_Mali
Bahrain,BH,bahrain,"Middle East, North Africa, Afghanistan & Pakistan",High income,BHD,18,"SIO employer contribution 18% for Bahraini nationals (pension + insurance), versus just 3% for expatriate employees (work-injury and unemployment only)",https://taxsummaries.pwc.com/bahrain/individual/other-taxes,confirmed,28790,30597,1600366,1.1,2025,https://data.worldbank.org/country/BH,,,30 calendar days,https://hlbhamt.com/insights/a-guide-on-statutory-leaves-in-bahrain/,percentage,"The Bahraini-national employer rate was raised in stages to 18%, while expatriates carry only a 3% employer rate",,,"Up to 55 days (15 full, 20 half, 20 unpaid)",https://rivermate.com/guides/bahrain#statutory-leave,60 days (~9 wks) paid,https://www.lmra.gov.bh/files/cms/shared/file/labour%20law.pdf,1 day at 100%,https://lmra.gov.bh/files/cms/shared/file/labour%20law%202012.pdf,48 hours,https://www.getharvest.com/calculators/overtime-pay-calculator-in-the-middle-east,"125% (day), up to 200% holiday",https://www.getharvest.com/calculators/overtime-pay-calculator-in-the-middle-east,1-30 days (by tenure),https://rivermate.com/guides/bahrain#notice-periods,0.5 month/yr (yrs 1-3); 1 month/yr after,https://lmra.gov.bh/files/cms/shared/file/labour%20law%202012.pdf,3 months (6 for certain occupations),https://bahrainbusinesslaws.com/laws/Labour-Law,cause + notice,https://rivermate.com/guides/bahrain#termination-offboarding,,,Monthly,https://www.rivermate.com/guides/bahrain,PDPL (Law No. 30 of 2018),https://www.dlapiperdataprotection.com/index.html?t=law&c=BH,Arabic,https://en.wikipedia.org/wiki/Bahrain,UTC+3,https://en.wikipedia.org/wiki/Bahrain
Egypt,EG,egypt,"Middle East, North Africa, Afghanistan & Pakistan",Lower middle income,EGP,18.75,"18.75% of the total social-insurance salary; contributions apply within a salary band of EGP 2,700 (minimum) to EGP 16,700 (maximum) per month as of January 2026",https://taxsummaries.pwc.com/egypt/individual/other-taxes,confirmed,3260,3086,118365995,6.8,2025,https://data.worldbank.org/country/EG,"EGP 7,000/month",https://egyptianstreets.com/2025/02/10/egypt-hikes-private-sector-minimum-wage-to-egp-7000/,21 working days,https://www.ey.com/en_gl/technical/tax-alerts/egypt-enacts-new-labor-law-with-changes-affecting-employers-beginning-1-september-2025,percentage,"Contributions apply only within a defined monthly salary band (EGP 2,700 to EGP 16,700 in 2026); registered managers/board members are treated as employers at a flat 21%.",10 official,https://www.rivermate.com/guides/egypt/leave,90 days at 100% + 90 at 85% (social insurance),https://www.rivermate.com/guides/egypt/leave,"120 days (~17 wks), paid",https://www.fisherphillips.com/en/insights/insights/egypt-labor-laws-are-about-to-change,None statutory,https://www.rivermate.com/guides/egypt/leave,48 hours,https://www.playroll.com/working-hours/egypt,"135% (day), 170% (night)",https://www.qureos.com/labor-laws/working-hours-and-overtime-in-egypt,2-3 months (by tenure),https://rivermate.com/guides/egypt#notice-periods,12 days/yr (yrs 1-5); 17 days/yr after,https://www.rivermate.com/guides/egypt/termination,3 months,https://hnzlaw.com/probation-period-under-labor-law-14-of-2025-what-employers-and-hr-professionals-need-to-know/,cause + notice,https://rivermate.com/guides/egypt#severance-pay,Customary but not mandatory,https://www.rivermate.com/guides/egypt,Monthly,https://www.rivermate.com/guides/egypt,PDPL (Law No. 151 of 2020),https://www.dlapiperdataprotection.com/index.html?t=law&c=EG,Arabic,https://en.wikipedia.org/wiki/Egypt,UTC+2,https://en.wikipedia.org/wiki/Egypt
Bulgaria,BG,bulgaria,Europe & Central Asia,High income,BGN,19,18.92%-19.62%: social security 14.12%-14.82% + health 4.8%; the range reflects the accident/occupational-illness fund (0.4%-1.1%) which only the employer pays,https://taxsummaries.pwc.com/bulgaria/individual/other-taxes,confirmed,17780,20328,6433302,3.5,2025,https://data.worldbank.org/country/BG,€620/month,https://countryeconomy.com/national-minimum-wage/bulgaria,20 working days,https://www.cxcglobal.com/global-hiring-guide/bulgaria/leave-time-off-in-bulgaria/,percentage,"Monthly insurable-earnings ceiling of EUR 2,300 (from Aug 2026) caps the absolute contribution amount",14 days,https://www.noi.bg/wp-content/uploads/KT-2.pdf,"First 3 working days at 70% (employer), then 80% (NSSI)",https://www.nssi.bg/en/faqs/short-term-benefits/,410 days (~58 wks) at 90% (NSSI),https://rivermate.com/guides/bulgaria#statutory-leave,15 days at 90% (NSSI),https://www.nssi.bg/en/faqs/short-term-benefits/,40 hours,https://boundlesshq.com/guides/bulgaria/hours-of-work/,"150% weekday, 175% rest day, 200% holiday",https://www.innovires.com/en/blog/overtime-work-bulgaria.html,"30 days (indefinite, without cause)",https://rivermate.com/guides/bulgaria#notice-periods,1-2 months (by ground),https://rivermate.com/guides/bulgaria#severance-pay,6 months,https://ruskov-law.eu/bulgaria/article/employment-contract.html,cause + notice,https://rivermate.com/guides/bulgaria#termination-offboarding,Customary but not mandatory,https://www.rivermate.com/guides/bulgaria,Monthly,https://www.rivermate.com/guides/bulgaria,GDPR (EU) + PDPA,https://www.dlapiperdataprotection.com/index.html?t=law&c=BG,Bulgarian,https://en.wikipedia.org/wiki/Bulgaria,UTC+2,https://en.wikipedia.org/wiki/Bulgaria
Lebanon,LB,lebanon,"Middle East, North Africa, Afghanistan & Pakistan",Lower middle income,LBP,19,NSSF employer contributions: sickness & maternity 8% + family allowances 6% + end-of-service indemnity 5% = ~19%,https://taxsummaries.pwc.com/lebanon/individual/other-taxes,reported,3560,4473,5849421,11,2024,https://data.worldbank.org/country/LB,"LBP 28,000,000/month",https://www.aldic.net/ministry-of-labor-decree-699-dated-24-july-2025-increasing-the-minimum-monthly-basic-salary/,15 days,https://rivermate.com/guides/lebanon#statutory-leave,percentage,"Sickness/maternity and family-allowance branches are calculated on capped monthly bases, while the end-of-service indemnity applies to total annual earnings with no ceiling",,,From 15 days full pay by tenure (+ equal half pay),https://finance.gov.lb/en-us/Our_Latest/Latest%20News/English/Labour%20Management%20Procedures(LMP).pdf,70 days (10 wks) at 100%,https://finance.gov.lb/en-us/Our_Latest/Latest%20News/English/Labour%20Management%20Procedures(LMP).pdf,None statutory,https://www.mondaq.com/employment-and-hr/883124/labour-and-employment-comparative-guide,48 hours,https://rivermate.com/guides/lebanon#working-hours-x26-overtime,150% (min +50%),https://rivermate.com/guides/lebanon#working-hours-x26-overtime,1-4 months (by tenure),https://rivermate.com/guides/lebanon#notice-periods,1 month/yr (indefinite contract),https://rivermate.com/guides/lebanon#severance-pay,,,cause + notice,https://rivermate.com/guides/lebanon#notice-periods,,,Monthly,https://www.rivermate.com/guides/lebanon,Law No. 81 of 2018 (E-Transactions & Personal Data),https://www.dlapiperdataprotection.com/index.html?t=law&c=LB,Arabic,https://en.wikipedia.org/wiki/Lebanon,UTC+2,https://en.wikipedia.org/wiki/Lebanon
Madagascar,MG,madagascar,Sub-Saharan Africa ,Low income,MGA,19,~19% (pension CNAPS 13% + health OSTIE 5% + training FNFP 1%),https://taxsummaries.pwc.com/madagascar/individual/other-taxes,confirmed,560,599,32740678,3,2025,https://data.worldbank.org/country/MG,"MGA 262,680/mo (non-agricultural)",https://www.rivermate.com/guides/madagascar,30 days (2.5 days/month),https://www.rivermate.com/guides/madagascar,percentage,Each contribution capped at a base of 8x the legal minimum salary per month,,,,,14 wks paid (salary shared by CNaPS and employer),https://cabinetkim.mg/blog/code-du-travail-madagascar-nouvelle-loi-2024-014/,3 days paid (employer),https://natlex.ilo.org/dyn/natlex2/natlex2/files/download/116786/MDG-116786.pdf,40 hours,https://rivermate.com/guides/madagascar#working-hours-x26-overtime,130% (30% premium first 8h),https://rivermate.com/guides/madagascar#overtime-x26-minimums,10 days to 4 months by category after 1 yr (~1 month employees),https://textes.lexxika.com/lois-malagasy/droit-du-travail__trashed/decret-determinant-les-conditions-et-la-duree-du-preavis-de-resiliation-du-contrat-de-travail-a-duree-indeterminee/,10 days pay/yr (cap 6 months),https://cabinetkim.mg/blog/code-du-travail-madagascar-nouvelle-loi-2024-014/,,,cause + notice,https://rivermate.com/guides/madagascar#termination-offboarding,Customary but not mandatory,https://rivermate.com/guides/madagascar/salary,Monthly,https://rivermate.com/guides/madagascar#payroll-cycles-x26-wage-structure,Law No. 2014-038 on Personal Data Protection (Madagascar),https://www.dlapiperdataprotection.com/index.html?t=law&c=MG,French,https://www.playroll.com/global-hiring-guides/madagascar,UTC+3,https://en.wikipedia.org/wiki/Time_in_Madagascar
Netherlands,NL,netherlands,Europe & Central Asia,High income,EUR,20,"~18-22% of gross (midpoint ~20%); unemployment (Awf), disability (Aof), return-to-work (Whk), childcare (Wko) and health (Zvw) contributions",https://www.belastingdienst.nl/wps/wcm/connect/bldcontenten/belastingdienst/business/payroll_taxes/you_are_not_established_in_the_netherlands_are_you_required_to_withhold_payroll_taxes/when_you_are_going_to_withhold_payroll_taxes/calculating_payroll_taxes/calculating_employed_persons_insurance_contributions/calculating_employed_persons_insurance_contributions,confirmed,68530,73684,18087633,3.9,2025,https://data.worldbank.org/country/NL,"€14.71/hour gross (age 21+, 1st half of 2026)",https://business.gov.nl/regulations/minimum-wage/,20 days (4x weekly working days),https://dutch-law.com/employment-law/annual-leave-dutch-law.html,percentage,"Contributions apply up to a wage cap (~€79,409/yr for 2026); the Awf unemployment premium is far higher for temporary contracts (~7.74%) than permanent (~2.74%).",11 (no legal paid right; set by CAO or contract),https://www.government.nl/faq/work/public-holidays-in-the-netherlands,Up to 104 weeks at ≥70% (employer),https://rivermate.com/guides/netherlands#mandatory-benefits,16 weeks at 100% (UWV),https://www.uwv.nl/en/employers/maternity-and-parental-leave/about-maternity-pay,1 wk at 100% + 5 wks at 70% (UWV),https://business.gov.nl/regulations/leave-schemes/,"48 hours (statutory max, 16-week average)",https://business.gov.nl/staff/terms-of-employment/working-hours-act/,No statutory rate (contract/CBA),https://business.gov.nl/staff/terms-of-employment/working-hours-act/,"1-4 months (employer, by tenure)",https://business.gov.nl/regulations/notice-period/,1/3 month pay/yr (transition payment),https://www.rijksoverheid.nl/vraag-en-antwoord/ontslag/hoe-hoog-is-de-transitievergoeding-als-ik-word-ontslagen,2 months (indefinite/2yr+ contract),https://business.gov.nl/regulations/trial-period/,cause required (strong protection),https://business.gov.nl/regulations/dismissal-procedures/,Customary but not mandatory,https://business.gov.nl/staff/terms-of-employment/13th-month-or-year-end-bonus-for-your-staff/,Monthly,https://www.rivermate.com/guides/netherlands,GDPR (EU) + UAVG,https://www.dlapiperdataprotection.com/index.html?t=law&c=NL,Dutch,https://en.wikipedia.org/wiki/Netherlands,UTC+1,https://en.wikipedia.org/wiki/Netherlands
Nepal,NP,nepal,South Asia,Lower middle income,NPR,20,"20% (Social Security Fund, on basic salary; employee adds 11%)",https://www.ilo.org/resource/news/nepal-launches-contribution-based-social-security-scheme,confirmed,,1536,29618118,10.5,2025,https://data.worldbank.org/country/NP,"NPR 17,300/month",https://www.rivermate.com/guides/nepal,1 paid day per 20 days worked,https://www.rivermate.com/guides/nepal,percentage,Contributions calculated on basic salary; SSF is the mandated system replacing older Provident Fund and Gratuity schemes,13 days/year,https://antislaverylaw.ac.uk/wp-content/uploads/2019/08/The-Labour-Act-2017.pdf,12 days paid/year,https://rivermate.com/guides/nepal#statutory-leave,14 wks (98 days; 60 days paid),https://rivermate.com/guides/nepal#statutory-leave,15 days paid,https://rivermate.com/guides/nepal#statutory-leave,48 hours,https://rivermate.com/guides/nepal#working-hours-x26-overtime,150%,https://rivermate.com/guides/nepal#working-hours-x26-overtime,"1 day (<4 wks), 7 days (4 wks-1 yr), 30 days (1 yr+)",https://antislaverylaw.ac.uk/wp-content/uploads/2019/08/The-Labour-Act-2017.pdf,1 month basic/yr (retrenchment; pro rata under 1 yr),https://antislaverylaw.ac.uk/wp-content/uploads/2019/08/The-Labour-Act-2017.pdf,,,cause + notice,https://rivermate.com/guides/nepal#notice-periods,"Mandatory (festival allowance, 1 month basic)",https://antislaverylaw.ac.uk/wp-content/uploads/2019/08/The-Labour-Act-2017.pdf,Monthly,https://rivermate.com/guides/nepal#payroll-cycles-x26-wage-structure,Individual Privacy Act 2018 (Nepal),https://www.dlapiperdataprotection.com/index.html?t=law&c=NP,Nepali,https://www.rivermate.com/guides/nepal,UTC+5:45,https://en.wikipedia.org/wiki/Time_in_Nepal
Gabon,GA,gabon,Sub-Saharan Africa ,Upper middle income,XAF,20.1,20.1% (family 8% + pension 5% + work injury 3% + health/medical 4.1%),https://taxsummaries.pwc.com/gabon/individual/other-taxes,confirmed,,,2593130,,2024,https://data.worldbank.org/country/GA,"XAF 150,000/month",https://www.rivermate.com/guides/gabon,24 days,https://www.rivermate.com/guides/gabon,percentage,Contribution base capped at XAF 18 million/year (XAF 1.5 million/month),,,"Up to 6 months employer-paid (full pay for notice-period length by seniority, then half); CNSS from month 7",https://journal-officiel.ga/17956-022-2021-/,14 wks full pay,https://rivermate.com/guides/gabon#statutory-leave,3 days paid (family allowance),https://rivermate.com/guides/gabon#statutory-leave,40 hours,https://rivermate.com/guides/gabon#working-hours-x26-overtime,,,"Varies by category; up to 2 months (non-manual, 5yr+)",https://rivermate.com/guides/gabon#notice-periods,20% of avg monthly pay per year of service (no seniority condition),https://journal-officiel.ga/17956-022-2021-/,,,cause + notice,https://rivermate.com/guides/gabon#termination-offboarding,Customary but not mandatory,https://rivermate.com/guides/gabon#payroll-cycles-x26-wage-structure,Monthly,https://rivermate.com/guides/gabon#payroll-cycles-x26-wage-structure,Law No. 001/2011 (rev. 2023) on Personal Data Protection (Gabon),https://www.dlapiperdataprotection.com/index.html?t=law&c=GA,French,https://www.playroll.com/global-hiring-guides/gabon,UTC+1,https://en.wikipedia.org/wiki/Time_in_Gabon
"Congo, Rep.",CG,congo-rep,Sub-Saharan Africa ,Lower middle income,XAF,20.3,~20.3% (family allowances 10.035% + old-age/invalidity/death 8% + work accident 2.25%),https://taxsummaries.pwc.com/republic-of-congo/corporate/other-taxes,confirmed,2280,2515,6484437,,2025,https://data.worldbank.org/country/CG,"XAF 70,400/month (SMIG)",https://www.agenceecofin.com/actualites/1411-123408-congo-hausse-de-40-du-smig-a-partir-du-1er-janvier-2025,,,percentage,Family-allowance/work-accident base capped at XAF 7.2M/year; pension base capped at XAF 14.4M/year,,,"None paid (up to 6 months unpaid, certified)",https://vacationtracker.io/leave-laws/africa/congo/,15 wks (50% via social security),https://vacationtracker.io/leave-laws/africa/congo/,2 days paid,https://vacationtracker.io/leave-laws/africa/congo/,40 hours,https://www.playroll.com/working-hours/republic-of-congo,120% (first 8h; 130%/150% higher tranches),https://www.playroll.com/working-hours/republic-of-congo,14 working days + 7 days per full year of service,https://www.safeguardglobal.com/country/republic-of-the-congo/employment-law/,No statutory severance (damages up to 36 months if dismissal without just cause),https://www.safeguardglobal.com/country/republic-of-the-congo/employment-law/,,,cause required (strong protection),https://www.safeguardglobal.com/country/republic-of-the-congo/employment-law/,Not customary,https://www.neeyamo.com/global-guide/republic-congo,Monthly,https://www.neeyamo.com/global-guide/republic-congo,"Law No. 29-2019 on Personal Data Protection (Congo, Rep.)",https://www.dlapiperdataprotection.com/index.html?t=law&c=CG,French,https://www.playroll.com/global-hiring-guides/republic-of-congo,UTC+1,https://en.wikipedia.org/wiki/Time_in_the_Republic_of_the_Congo
Poland,PL,poland,Europe & Central Asia,High income,PLN,20.8,"~19.2-22.4% (pension & disability 16.26%, accident 1.67-3.33%, Labour Fund 2.45%, Guaranteed Benefits Fund 0.10%); midpoint ~20.8%",https://taxsummaries.pwc.com/poland/individual/other-taxes,confirmed,25520,28420,36435861,3,2025,https://data.worldbank.org/country/PL,"PLN 4,806/month",https://cgolegal.com/minimum-salary-2026/,20 days (26 days after 10 years' total service),https://isap.sejm.gov.pl/isap.nsf/download.xsp/WDU19740240141/U/D19740141Lj.pdf,percentage,Pension/disability contributions are capped at 30x the projected average annual salary; above the cap the employer rate drops to ~3.2-6.4%.,14 days,https://dziennikustaw.gov.pl/D2025000029601.pdf,"80% pay (33 days employer, then ZUS; max 182d)",https://www.gov.pl/web/rodzina/zasilek-chorobowy,20 weeks at 100%,https://www.gov.pl/web/rodzina/urlop-macierzynski,2 weeks at 100%,https://www.gov.pl/web/rodzina/urlop-ojcowski,40 hours,https://isap.sejm.gov.pl/isap.nsf/download.xsp/WDU19740240141/U/D19740141Lj.pdf,"150% weekday, 200% night/Sun/holiday",https://isap.sejm.gov.pl/isap.nsf/download.xsp/WDU19740240141/U/D19740141Lj.pdf,2 weeks-3 months (by tenure),https://isap.sejm.gov.pl/isap.nsf/download.xsp/WDU19740240141/U/D19740141Lj.pdf,"1-3 months (20+ staff, no-fault)",https://isap.sejm.gov.pl/isap.nsf/download.xsp/WDU20030900844/U/D20030844Lj.pdf,3 months,https://isap.sejm.gov.pl/isap.nsf/download.xsp/WDU19740240141/U/D19740141Lj.pdf,cause + notice,https://isap.sejm.gov.pl/isap.nsf/download.xsp/WDU19740240141/U/D19740141Lj.pdf,,,Monthly,https://isap.sejm.gov.pl/isap.nsf/download.xsp/WDU19740240141/U/D19740141Lj.pdf,GDPR (EU) + Personal Data Protection Act 2018,https://www.dlapiperdataprotection.com/index.html?t=law&c=PL,Polish,https://en.wikipedia.org/wiki/Poland,UTC+1,https://en.wikipedia.org/wiki/Poland
Austria,AT,austria,Europe & Central Asia,High income,EUR,20.98,"20.98% social security (sickness 3.78%, unemployment 2.95%, pension 12.55%, accident 1.10%, misc 0.60%) up to a base of EUR 6,930/month, PLUS additional levies (Family Burdens Equalisation 3.7%, ~3% municipal payroll tax, employee-pension fund 1.53%, and others) taking the total near ~29%",https://taxsummaries.pwc.com/austria/individual/other-taxes,confirmed,60360,62930,9208163,5.6,2025,https://data.worldbank.org/country/AT,,,"25 working days (5 weeks, 5-day week)",https://vacationtracker.io/leave-laws/europe/austria/,percentage,"Beyond the 20.98% social-security rate, employers owe extra municipal and family-fund levies that push the real total close to 29%.",13 national,https://www.ris.bka.gv.at/GeltendeFassung.wxe?Abfrage=Bundesnormen&Gesetzesnummer=10008541,6-12 wks full pay by tenure (employer) + 4 wks half,https://rivermate.com/guides/austria#statutory-benefits,16 weeks (8+8) at 100% (Wochengeld),https://rivermate.com/guides/austria#statutory-benefits,None paid; 1 month unpaid (Papamonat),https://rivermate.com/guides/austria#statutory-benefits,40 hours (38.5 by many CBAs),https://www.playroll.com/working-hours/austria,150% (min +50%),https://www.playroll.com/working-hours/austria,6 weeks-5 months (by tenure),https://rivermate.com/guides/austria#notice-periods-and-terminations,Abfertigung Neu fund (1.53% of salary),https://rivermate.com/guides/austria#employer-taxes-and-contributions,1 month,https://www.oesterreich.gv.at/en/themen/arbeit_beruf_und_pension/jobsuche/Seite.171420,Notice + protected grounds (no cause required),https://iclg.com/practice-areas/employment-and-labour-laws-and-regulations/austria,Customary but not mandatory,https://www.rivermate.com/guides/austria,Monthly,https://www.rivermate.com/guides/austria,GDPR (EU) + DSG,https://www.dlapiperdataprotection.com/index.html?t=law&c=AT,German,https://en.wikipedia.org/wiki/Austria,UTC+1,https://en.wikipedia.org/wiki/Austria
Germany,DE,germany,Europe & Central Asia,High income,EUR,21,"~21% core statutory (pension 9.3%, health ~8.75%, unemployment 1.3%, long-term care 1.8%); ~22-28% with accident insurance and U1/U2/U3 levies",https://taxsummaries.pwc.com/germany/individual/other-taxes,confirmed,60200,60496,83491249,3.7,2025,https://data.worldbank.org/country/DE,€13.90/hour,https://www.expatica.com/de/working/employment-law/germany-minimum-wage-995112/,20 working days (5-day week; statute states 24 Werktage on a 6-day basis),https://practiceguides.chambers.com/practice-guides/employment-2026/germany,percentage,"Roughly half of each social-insurance branch is employer-paid; contribution ceilings apply (~€5,812.50/mo health & care, ~€8,450/mo pension & unemployment in 2026).",9 national (varies by state),https://www.iamexpat.de/lifestyle/about-germany/german-holidays,"6 weeks (42 days) at 100% (employer), then ~70% health insurance",https://www.bundesgesundheitsministerium.de/krankengeld,14 weeks (6 pre + 8 post) at 100%,https://familienportal.de/familienportal/familienleistungen/mutterschutz,None statutory (unpaid parental leave only),https://www.barmer.de/firmenkunden/gesund-arbeiten/gesundheitswissen-arbeitgeber/unternehmenskultur-verantwortung/familienstartzeitgesetz-1248224,"48 hours (statutory max, 8h/day)",https://practiceguides.chambers.com/practice-guides/employment-2026/germany,No statutory rate (CBAs often set a premium),https://practiceguides.chambers.com/practice-guides/employment-2026/germany,4 weeks-7 months (by tenure),https://www.gesetze-im-internet.de/bgb/__622.html,None statutory (0.5 mo/yr under §1a KSchG),https://www.gesetze-im-internet.de/kschg/__1a.html,6 months,https://www.gesetze-im-internet.de/bgb/__622.html,cause required (strong protection),https://www.gesetze-im-internet.de/kschg/__1.html,Customary but not mandatory,https://practiceguides.chambers.com/practice-guides/employment-2026/germany,Monthly,https://eures.europa.eu/living-and-working/living-and-working-conditions-europe/living-and-working-conditions-germany_en,GDPR (EU) + BDSG,https://www.dlapiperdataprotection.com/index.html?t=law&c=DE,German,https://en.wikipedia.org/wiki/Germany,UTC+1,https://en.wikipedia.org/wiki/Time_in_Germany
Finland,FI,finland,Europe & Central Asia,High income,EUR,21,"~21% (employment pension TyEL average 17.10%, sickness insurance 1.91%, unemployment 0.31% up to EUR 2,509,500 then 1.23%, accident ~0.51%, group life ~0.06%)",https://taxsummaries.pwc.com/finland/individual/other-taxes,confirmed,55250,56149,5646436,9.5,2025,https://data.worldbank.org/country/FI,,,30 working days (Sat counts; = 5 weeks),https://vacationtracker.io/leave-laws/europe/finland/,percentage,"The employment-pension (TyEL) contribution, averaging ~17.1%, dominates employer cost and is set annually by pension insurers.",12 days,https://rivermate.com/guides/finland#public-x26-regional-holidays,"Days 1-10 full pay (employer), then Kela",https://tyosuojelu.fi/en/employment-relationship/pay/sick-pay,"Gender-neutral parental allowance (320 working days shared, 160 each)",https://www.kela.fi/on-parental-leave,160 days quota per parent (parental allowance),https://rivermate.com/guides/finland#statutory-leave,40 hours,https://www.usemultiplier.com/finland/working-hours,"150% first 2h, 200% after",https://www.playroll.com/working-hours/finland,14 days-6 months (by tenure),https://rivermate.com/guides/finland#notice-periods,None (no statutory severance),https://rivermate.com/guides/finland#severance-pay,6 months,https://intelligence.dlapiper.com/global-expansion-employment/?c=fi,cause required (strong protection),https://rivermate.com/guides/finland#termination-offboarding,,,Monthly,https://www.rivermate.com/guides/finland,GDPR (EU) + Data Protection Act,https://www.dlapiperdataprotection.com/index.html?t=law&c=FI,Finnish; Swedish,https://en.wikipedia.org/wiki/Finland,UTC+2,https://en.wikipedia.org/wiki/Finland
Senegal,SN,senegal,Sub-Saharan Africa ,Lower middle income,XOF,21,"~21% nominal employer: IPRES retirement 8.4% (base capped at XOF 432,000/mo), family allowance 7% (cap XOF 63,000), work-injury/occupational disease 1-5% (cap XOF 63,000), plus health cover contributions; family and work-injury branches are borne exclusively by the employer.",https://taxsummaries.pwc.com/senegal/individual/other-taxes,confirmed,1780,1955,18931966,2.7,2025,https://data.worldbank.org/country/SN,"CFA 371/hour (~CFA 64,300/month)",https://wageindicator.org/salary/minimum-wage/senegal,24 working days (2 per month),https://rivermate.com/guides/senegal#statutory-leave,percentage,"The headline rates sit on very low monthly contribution ceilings (e.g. XOF 63,000 for family allowance), so the effective employer cost on a normal salary is far below the nominal sum.",15 days,https://www.rivermate.com/guides/senegal/leave,Up to 6 months full salary (employer),https://rivermate.com/guides/senegal#statutory-leave,"14 weeks (social security, IPRES)",https://rivermate.com/guides/senegal#statutory-leave,None statutory (CBA only),https://www.rivermate.com/guides/senegal/leave,40 hours,https://www.playroll.com/working-hours/senegal,"115% (hrs 41-48), 140% beyond",https://www.playroll.com/working-hours/senegal,8 days-3 months (by category),https://rivermate.com/guides/senegal#notice-periods,25-40% of monthly salary/yr (by tenure),https://rivermate.com/guides/senegal#severance-pay,3 months (6 with renewal),https://wageindicator.org/fr-sn/travail-au-senegal/droit-du-travail/contrats-et-licenciements/,cause + notice,https://rivermate.com/guides/senegal#notice-periods,Customary but not mandatory,https://www.rivermate.com/guides/senegal,Monthly,https://www.rivermate.com/guides/senegal,Law No. 2008-12,https://www.dlapiperdataprotection.com/index.html?t=law&c=SN,French,https://en.wikipedia.org/wiki/Senegal,UTC+0,https://en.wikipedia.org/wiki/Senegal
Morocco,MA,morocco,"Middle East, North Africa, Afghanistan & Pakistan",Lower middle income,MAD,21.1,"~21.1% employer CNSS: family allocation 6.40%, social/short+long-term allocation 8.98% (capped at MAD 6,000/month), professional training tax 1.60%, and mandatory medical care (AMO) 4.11%.",https://taxsummaries.pwc.com/morocco/individual/other-taxes,confirmed,4360,4672,38430770,9,2025,https://data.worldbank.org/country/MA,"MAD 17.92/hour (~MAD 3,429/month) SMIG, 2026",https://www.upsilon-consulting.com/en/smig-smag-minimum-wage-morocco/,18 working days,https://www.upsilon-consulting.com/en/annual-leave-morocco/,percentage,"Only the 8.98% social allocation is capped (MAD 6,000/month base); the other three components apply to the full gross salary excluding exempt allowances.",15 holidays (11 national + 4 religious),https://www.maroc.ma/fr/le-maroc/fetes-nationales-et-religieuses,~66.67% from day 4 (CNSS),https://rivermate.com/guides/morocco#statutory-leave,14 weeks (98 days) at 100% (CNSS),https://rivermate.com/guides/morocco#statutory-leave,3 days at 100% (employer),https://rivermate.com/guides/morocco#statutory-leave,44 hours,https://rivermate.com/guides/morocco#working-hours-x26-overtime,"125% (day), 150% (night)",https://rivermate.com/guides/morocco#working-hours-x26-overtime,8 days-3 months (by category/tenure),https://rivermate.com/guides/morocco#notice-periods,96-240 hours' wages/yr (by tenure band),https://rivermate.com/guides/morocco#severance-pay,3 months (executives/managers),https://aujourdhui.ma/emploi/la-periode-dessai-selon-la-loi-81598,cause + notice,https://rivermate.com/guides/morocco#termination-offboarding,Customary but not mandatory,https://www.rivermate.com/guides/morocco,Monthly,https://www.rivermate.com/guides/morocco,Law No. 09-08,https://www.dlapiperdataprotection.com/index.html?t=law&c=MA,Arabic; Berber (Tamazight),https://en.wikipedia.org/wiki/Morocco,UTC+1,https://en.wikipedia.org/wiki/Time_in_Morocco
Vietnam,VN,vietnam,East Asia & Pacific,Upper middle income,VND,21.5,~21.5% for local employees (social insurance 17.5% + health 3% + unemployment 1%); ~20.5% for foreign employees (exempt from unemployment insurance),https://taxsummaries.pwc.com/vietnam/individual/other-taxes,confirmed,4970,5066,101598527,1.5,2025,https://data.worldbank.org/country/VN,"5,310,000 VND/month (Region I; regional, highest of 4 tiers)",https://www.vietnam-briefing.com/news/vietnams-new-minimum-wage-january-1-2026.html/,"12 working days (normal conditions, after 12 months)",https://www.vietnam-briefing.com/doing-business-guide/vietnam/human-resources-and-payroll/a-guide-to-public-holiday-s-in-vietnam,percentage,"Employers also pay a separate mandatory 2% trade-union fee on total payroll, on top of the 21.5%.",,,30 days/yr (social insurance),https://rivermate.com/guides/vietnam#statutory-leave,6 months (~26 wks) at 100% (social insurance),https://rivermate.com/guides/vietnam#statutory-leave,"5 working days (7-14 special cases), social insurance",https://baohiemxahoi.gov.vn:4545/File_Server_BHXH/documents/Luat%20BHXH%202024.pdf,48 hours,https://www.aseanbriefing.com/news/working-hours-and-overtime-regulations-in-vietnam-what-foreign-employers-must-know/,"150% weekday, 200% weekend, 300% holiday",https://www.aseanbriefing.com/news/working-hours-and-overtime-regulations-in-vietnam-what-foreign-employers-must-know/,45 days (indefinite contract),https://rivermate.com/guides/vietnam#notice-periods,0.5 month/yr (job-loss/severance),https://rivermate.com/guides/vietnam#severance-pay,180 days (executive positions),https://aslgate.com/regulations-on-the-probationary-regime-for-employees-in-vietnam/,cause + notice,https://rivermate.com/guides/vietnam#termination-offboarding,Customary but not mandatory,https://www.rivermate.com/guides/vietnam,Monthly,https://www.rivermate.com/guides/vietnam,PDPL (Law 91/2025) + Decree 356/2025,https://www.dlapiperdataprotection.com/index.html?t=law&c=VN,Vietnamese,https://en.wikipedia.org/wiki/Vietnam,UTC+7,https://en.wikipedia.org/wiki/Vietnam
Nicaragua,NI,nicaragua,Latin America & Caribbean ,Lower middle income,NIO,21.5,"21.5% (INSS, employers with 50 or fewer employees)",https://taxsummaries.pwc.com/nicaragua/individual/other-taxes,confirmed,2850,3173,7007502,5,2025,https://data.worldbank.org/country/NI,Varies by sector (avg ~US$244/mo),https://wageindicator.org/salary/minimum-wage/minimum-wages-news/2025/minimum-wage-updated-in-nicaragua-from-01-march-2025-march-01-2025,30 days (2.5 days/month),https://wageindicator.org/es-ni/trabajo-en-nicaragua/leyes-laborales/vacaciones/,percentage,22.5% for employers with more than 50 employees; on gross salaries,14 days/year,https://garciabodan.com/en/nicaragua-introduces-new-mandatory-public-holidays/,,,13 wks (91 days) paid (40% employer/60% INSS),https://wageindicator.org/es-ni/trabajo-en-nicaragua/leyes-laborales/maternidad-y-trabajo/,5 calendar days paid,https://wageindicator.org/es-ni/trabajo-en-nicaragua/leyes-laborales/responsabilidades-familiares/,48 hours (day work),https://wageindicator.org/es-ni/trabajo-en-nicaragua/leyes-laborales/compensacion-y-tiempo-de-trabajo/,200% (100% surcharge),https://wageindicator.org/es-ni/trabajo-en-nicaragua/leyes-laborales/compensacion-y-tiempo-de-trabajo/,,,"1 month/yr (yrs1-3), 20 days/yr thereafter (cap 5 months)",https://remote.com/country-explorer/nicaragua#employment-termination,,,cause + notice,https://remote.com/country-explorer/nicaragua#employment-termination,Mandatory (13th),https://www.playroll.com/global-hiring-guides/nicaragua,Monthly,https://www.playroll.com/global-hiring-guides/nicaragua,Law No. 787 on Personal Data Protection 2012 (Nicaragua),https://www.dlapiperdataprotection.com/index.html?t=law&c=NI,Spanish,https://www.playroll.com/global-hiring-guides/nicaragua,UTC-6,https://en.wikipedia.org/wiki/Time_in_Nicaragua
Greece,GR,greece,Europe & Central Asia,High income,EUR,21.79,"21.79% employer (of a 35.16% combined rate). Monthly contribution cap for the primary fund (EFKA) is EUR 7,761.94 from 1 January 2026",https://taxsummaries.pwc.com/greece/individual/other-taxes,confirmed,25360,26948,10413962,8.5,2025,https://data.worldbank.org/country/GR,€920/month (gross),https://news.gtp.gr/2026/03/27/greece-raises-minimum-wage-to-e920-impacting-700000-workers/,20 working days (5-day week); 24 (6-day week),https://vacationtracker.io/leave-laws/europe/greece/,percentage,"Employer EFKA contributions of 21.79% apply only up to a monthly cap of EUR 7,761.94.","9 mandatory (+ Clean Monday, Good Friday, Whit Monday customary)",https://www.kepea.gr/poies-einai-oi-imeres-ypoxreotikis-argias,"0.5-1 month by tenure; 3d employer (50%), then EFKA",https://ypergasias.gov.gr/ergasiakes-scheseis/atomikes-ergasiakes-sxeseis/anypaitio-kolyma-astheneia/,17 weeks at ~full (EFKA + employer),https://rivermate.com/guides/greece#statutory-leave,14 working days at full pay (employer),https://iclg.com/practice-areas/employment-and-labour-laws-and-regulations/greece,40 hours,https://ypergasias.gov.gr/en/labour-relations/individual-employment-relations/working-time-limits/,140% overtime; 120% overwork (41-45h),https://leglobal.law/countries/greece/employment-law/labour-and-employment-law-in-greece/working-conditions-in-greece/,1-4 months (by tenure),https://rivermate.com/guides/greece#notice-periods,Tiered by tenure (up to 12 months cap),https://iclg.com/practice-areas/employment-and-labour-laws-and-regulations/greece,6 months (Law 5053/2023),https://www.legal500.com/guides/chapter/greece-employment-and-labour-law/,cause + notice,https://rivermate.com/guides/greece#termination-offboarding,Mandatory (13th + 14th),https://www.rivermate.com/guides/greece,Monthly,https://www.rivermate.com/guides/greece,GDPR (EU) + Law 4624/2019,https://www.dlapiperdataprotection.com/index.html?t=law&c=GR,Greek,https://en.wikipedia.org/wiki/Greece,UTC+2,https://en.wikipedia.org/wiki/Greece
Ukraine,UA,ukraine,Europe & Central Asia,Upper middle income,UAH,22,"22% Unified Social Contribution (USC), a single employer-only payroll levy (no employee share); base capped per person per month at 15x the minimum wage (UAH 129,705 from Jan 2026)",https://taxsummaries.pwc.com/ukraine/individual/other-taxes,confirmed,5510,5866,38980376,9.8,2025,https://data.worldbank.org/country/UA,"8,647 UAH/month",https://index.minfin.com.ua/en/labour/salary/min/,24 calendar days,https://www.accace.com/vacation-time-in-ukraine/,percentage,"USC is borne entirely by the employer; employees pay no social contribution, only 18% personal income tax plus 1.5% military levy","11 days (9 fixed + Easter, Trinity; not applied under martial law)",https://zakon.rada.gov.ua/laws/show/322-08/ed20260101,"50-100% by tenure (5d employer, then Pension Fund)",https://legalaid.wiki/index.php/%D0%94%D0%BE%D0%BF%D0%BE%D0%BC%D0%BE%D0%B3%D0%B0_%D0%BF%D0%BE_%D1%82%D0%B8%D0%BC%D1%87%D0%B0%D1%81%D0%BE%D0%B2%D1%96%D0%B9_%D0%BD%D0%B5%D0%BF%D1%80%D0%B0%D1%86%D0%B5%D0%B7%D0%B4%D0%B0%D1%82%D0%BD%D0%BE%D1%81%D1%82%D1%96,126 days (~18 wks) at 100% (fund),https://rivermate.com/guides/ukraine#statutory-leave,14 days (paid),https://rivermate.com/guides/ukraine#statutory-leave,40 hours,https://www.accace.com/working-time-in-ukraine/,200% (double),https://www.accace.com/working-time-in-ukraine/,2 months (redundancy),https://rivermate.com/guides/ukraine#notice-periods,1 month min (redundancy),https://rivermate.com/guides/ukraine#severance-pay,3 months,https://intelligence.dlapiper.com/global-expansion-employment/?c=ua,cause required (strong protection),https://rivermate.com/guides/ukraine#termination-offboarding,,,Twice a month,https://www.rivermate.com/guides/ukraine,Law on Protection of Personal Data (2010),https://www.dlapiperdataprotection.com/index.html?t=law&c=UA,Ukrainian,https://en.wikipedia.org/wiki/Ukraine,UTC+2,https://en.wikipedia.org/wiki/Ukraine
Azerbaijan,AZ,azerbaijan,Europe & Central Asia,Upper middle income,AZN,22,22% (oil/gas and public sector); non-oil private sector 15% on salary above AZN 200 (+AZN 44) plus 0.5% unemployment and 2% medical,https://taxsummaries.pwc.com/azerbaijan/individual/other-taxes,confirmed,,,10246996,,2024,https://data.worldbank.org/country/AZ,AZN 400/month,https://www.rivermate.com/guides/azerbaijan,21 days,https://www.rivermate.com/guides/azerbaijan,percentage,Expatriate employees working under production-sharing agreements (PSAs) are exempt,,,"First 14 days employer-paid, then State Fund",https://rivermate.com/guides/azerbaijan#statutory-leave,"126 days (18 wks), 100% social insurance",https://rivermate.com/guides/azerbaijan#statutory-leave,14 days unpaid,https://rivermate.com/guides/azerbaijan#statutory-leave,40 hours,https://rivermate.com/guides/azerbaijan#working-hours-x26-overtime,200% (double),https://rivermate.com/guides/azerbaijan#overtime-x26-minimums,"2 wks (<1yr), 4 wks (1-5yr), 6 wks (5-10yr), 9 wks (>10yr)",https://rivermate.com/guides/azerbaijan#notice-periods,"≥3 months' avg wage (redundancy/liquidation), lump sum",https://rivermate.com/guides/azerbaijan#severance-pay,,,cause + notice,https://rivermate.com/guides/azerbaijan#termination-offboarding,,,Monthly,https://rivermate.com/guides/azerbaijan#payroll-cycles-x26-wage-structure,Law on Personal Information 2010 (Azerbaijan),https://www.dlapiperdataprotection.com/index.html?t=law&c=AZ,Azerbaijani,https://www.playroll.com/global-hiring-guides/azerbaijan,UTC+4,https://en.wikipedia.org/wiki/Time_in_Azerbaijan
Turkey,TR,turkey,Europe & Central Asia,Upper middle income,TRY,22.75,"22.75% (social security 20.75% + unemployment insurance 2%); a 5-point incentive can reduce it to 18.75% (or lower for manufacturing). Contributions capped at TRY 297,270/month earnings (from 1 Jan 2026)",https://taxsummaries.pwc.com/turkey/individual/other-taxes,confirmed,16300,18599,85878556,8.5,2025,https://data.worldbank.org/country/TR,"₺33,030/month gross (from 1 Jan 2026; ₺28,075.50 net)",https://mercans.com/resources/statutory-alerts/turkey-minimum-wage-asgari-ucret-2026-first-half-rate-in-effect/,14 days (1-5 years of service),https://www.cottgroup.com/en/blog/work-life/item/details-regarding-the-annual-leave,percentage,A 5-point government incentive can cut the standard 20.75% social-security rate to 15.75% for compliant employers.,14 days (+3 half-days),https://www.mevzuat.gov.tr/MevzuatMetin/1.5.2429.pdf,From day 3 (SGK incapacity benefit),https://www.mevzuat.gov.tr/MevzuatMetin/1.5.5510.pdf,24 weeks (8+16) at SGK benefit,https://www.mevzuat.gov.tr/MevzuatMetin/1.5.4857.pdf,10 days paid (employer),https://www.mevzuat.gov.tr/MevzuatMetin/1.5.4857.pdf,45 hours,https://rivermate.com/guides/turkey#working-hours-x26-overtime,150% (min +50%),https://rivermate.com/guides/turkey#working-hours-x26-overtime,2-8 weeks (by tenure),https://rivermate.com/guides/turkey#notice-periods,"30 days/yr (1+yr, no just cause)",https://rivermate.com/guides/turkey#severance-pay,2 months (4 months via collective agreement),https://www.mondaq.com/turkey/employee-rights-labour-relations/1800224/termination-during-the-probationary-period-in-turkey,cause + notice,https://rivermate.com/guides/turkey#notice-periods,,,Monthly,https://www.rivermate.com/guides/turkey,KVKK (Law No. 6698),https://www.dlapiperdataprotection.com/index.html?t=law&c=TR,Turkish,https://en.wikipedia.org/wiki/Turkey,UTC+3,https://en.wikipedia.org/wiki/Turkey
Latvia,LV,latvia,Europe & Central Asia,High income,EUR,23.59,"23.59% mandatory State Social Insurance Contribution (employer share); income cap of EUR 105,300/year, above which a solidarity tax applies",https://taxsummaries.pwc.com/latvia/individual/other-taxes,confirmed,24980,26312,1847785,6.6,2025,https://data.worldbank.org/country/LV,€780/month,https://www.lm.gov.lv/en/article/minimum-wage-latvia-will-be-780-euros,20 working days (4 weeks),https://www.leavebalance.com/leave-laws/lv/annual/,percentage,"Employer rate drops to 20.77% for employees who have reached retirement age; income above EUR 105,300 triggers a solidarity tax (effective 25%)",13 days,https://rivermate.com/guides/latvia#public-x26-regional-holidays,"Days 2-3 at 75%, days 4-9 at 80% (employer), then 80% (VSAA from day 10)",https://www.vsaa.gov.lv/en/services/granting-and-disbursement-sickness-benefit,112 days (16 wks) at 80% (VSAA),https://rivermate.com/guides/latvia#statutory-leave,10 days at 80% (VSAA),https://rivermate.com/guides/latvia#statutory-leave,40 hours,https://rivermate.com/guides/latvia#working-hours-x26-overtime,200% (min +100%),https://rivermate.com/guides/latvia#overtime-x26-minimums,10 days-3 months (by ground/tenure),https://rivermate.com/guides/latvia#notice-periods,1-4 months (by tenure),https://rivermate.com/guides/latvia#severance-pay,3 months,https://www.vdi.gov.lv/en/article/information-employment-requirements-latvia,cause + notice,https://rivermate.com/guides/latvia#termination-offboarding,,,Twice a month (monthly by written agreement),https://www.rivermate.com/guides/latvia,GDPR (EU) + PDPL,https://www.dlapiperdataprotection.com/index.html?t=law&c=LV,Latvian,https://en.wikipedia.org/wiki/Latvia,UTC+2,https://en.wikipedia.org/wiki/Latvia
Portugal,PT,portugal,Europe & Central Asia,High income,EUR,23.75,"23.75% Social Security (general regime) on gross remuneration, no ceiling",https://taxsummaries.pwc.com/portugal/individual/other-taxes,confirmed,29930,32082,10804871,6.2,2025,https://data.worldbank.org/country/PT,€920/month (paid 14 times/year),https://taxsummaries.pwc.com/portugal/individual/other-taxes,22 working days,https://www.pgdlisboa.pt/leis/lei_mostra_articulado.php?artigo_id=1047A0238&nid=1047&tabela=leis&pagina=1&ficha=1&so_miolo=,percentage,Mandatory 13th and 14th month salaries (holiday and Christmas pay) on top; small labour-accident insurance and wage-guarantee-fund costs also apply.,13 mandatory (+ optional Carnival),https://www.pgdlisboa.pt/leis/lei_mostra_articulado.php?artigo_id=1047A0234&nid=1047&tabela=leis&pagina=1&ficha=1&so_miolo=,"55-75% (social security from day 4); up to 1,095 days",https://www.seg-social.pt/ptss/pssd/documento/cmdde8gsx000qi12yzi40plc6,120 days (~17 wks) at 100% (or 150 at 80%),https://cite.gov.pt/direitos-dos-pais-e-das-maes-trabalhadores/as,28 days at 100% (social security),https://webfs.oecd.org/Els-com/Family_Database/PF2_1_Parental_leave_systems.pdf,40 hours,https://www.pgdlisboa.pt/leis/lei_mostra_articulado.php?artigo_id=1047A0203&nid=1047&tabela=leis&pagina=1&ficha=1&so_miolo=,"125% first hour (weekday, first 100 h/yr)",https://www.pgdlisboa.pt/leis/lei_mostra_articulado.php?artigo_id=1047A0268&nid=1047&tabela=leis&pagina=1&ficha=1&so_miolo=,15-75 days (by tenure),https://www.pgdlisboa.pt/leis/lei_mostra_articulado.php?artigo_id=1047A0371&nid=1047&tabela=leis&pagina=1&ficha=1&so_miolo=,14 days/yr (collective or objective dismissal),https://cms.law/en/int/expert-guides/cms-expert-guide-to-dismissals/portugal,240 days (senior management),https://www.pgdlisboa.pt/leis/lei_mostra_articulado.php?artigo_id=1047A0112&nid=1047&tabela=lei_velhas&pagina=1&ficha=1&so_miolo=&nversao=4,cause required (strong protection),https://www.pgdlisboa.pt/leis/lei_mostra_articulado.php?artigo_id=1047A0338&nid=1047&tabela=leis&pagina=1&ficha=1&so_miolo=,Mandatory (13th + 14th),https://eures.europa.eu/living-and-working/living-and-working-conditions-europe/living-and-working-conditions-portugal_en,Monthly,https://www.pgdlisboa.pt/leis/lei_mostra_articulado.php?artigo_id=1047A0278&nid=1047&tabela=leis&pagina=1&ficha=1&so_miolo=,GDPR (EU) + Law 58/2019,https://www.dlapiperdataprotection.com/index.html?t=law&c=PT,Portuguese,https://en.wikipedia.org/wiki/Portugal,UTC+0 (mainland),https://en.wikipedia.org/wiki/Portugal
Moldova,MD,moldova,Europe & Central Asia,Upper middle income,MDL,24,"24% (social security, private sector)",https://taxsummaries.pwc.com/moldova/individual/other-taxes,confirmed,8050,8622,2360527,1.5,2025,https://data.worldbank.org/country/MD,"MDL 6,300/month",https://www.rivermate.com/guides/moldova,28 calendar days,https://www.rivermate.com/guides/moldova,percentage,32% for special/hazardous working conditions; agriculture split (18% employer + 6% state budget),,,,,"126 days (18 wks), 100%",https://www.cnas.md/ro/servicii/servicii/indemnizatii/indemnizatie-de-maternitate-femeilor-asigurate-si-sotiilor-aflate-la,15 days paid (100%),https://www.cnas.md/ro/servicii/servicii/indemnizatii/indemnizatie-paternala,40 hours,https://rivermate.com/guides/moldova#working-hours-x26-overtime,150% (first 2h; 200% after),https://rivermate.com/guides/moldova#overtime-x26-minimums,1 month (general); 2 months (liquidation/staff reduction),https://rivermate.com/guides/moldova#notice-periods,"1 week avg pay per year of service (min 1 month, max 6 months) for redundancy; 2 weeks avg pay for health or skills grounds",https://usmf.md/sites/default/files/2020-01/126%20(Codul%20muncii).pdf,,,cause + notice,https://rivermate.com/guides/moldova#termination-offboarding,Customary but not mandatory,https://rivermate.com/guides/moldova#payroll-cycles-x26-wage-structure,Monthly,https://rivermate.com/guides/moldova#payroll-cycles-x26-wage-structure,Law No. 133 on Personal Data Protection 2011 (Moldova),https://www.dlapiperdataprotection.com/index.html?t=law&c=MD,Romanian,https://www.playroll.com/global-hiring-guides/moldova,UTC+2,https://en.wikipedia.org/wiki/Time_in_Moldova
Argentina,AR,argentina,Latin America & Caribbean ,Upper middle income,ARS,26.4,"26.4% for companies mainly in services or large trade (above regulated sales thresholds), or 24% for all other companies; a fixed monthly amount per employee (ARS 7,003.68) is exempt from the base",https://taxsummaries.pwc.com/argentina/individual/other-taxes,confirmed,14650,14898,45851378,7.1,2025,https://data.worldbank.org/country/AR,"ARS 376,600/month (Aug 2026)",https://www.diariodecuyo.com.ar/argentina/oficializaron-el-nuevo-salario-minimo-en-argentina-cuanto-se-cobrara-hasta-agosto-2026-1805916.html,14 calendar days (up to 5 years' service),https://leyes-ar.com/ley_de_contrato_de_trabajo/150.htm,percentage,"Two rates apply (26.4% vs 24%) depending on whether the firm is a large services/trade company, and a fixed monthly amount per employee is exempt.",16 (12 fixed incl. 2 Carnival days + 4 movable),https://www.argentina.gob.ar/normativa/nacional/ley-27399-281835/texto,3-12 months full pay by tenure/family (employer),https://www.argentina.gob.ar/normativa/nacional/ley-20744-25552/actualizacion,90 days (~13 wks) at 100% (ANSES),https://www.argentina.gob.ar/normativa/nacional/ley-20744-25552/actualizacion,2 days at 100%,https://www.argentina.gob.ar/normativa/nacional/ley-20744-25552/actualizacion,48 hours,https://servicios.infoleg.gob.ar/infolegInternet/anexos/60000-64999/63368/texact.htm,"150% weekday, 200% Sat pm/Sun/holiday",https://leglobal.law/countries/argentina/employment-law/employment-law-overview-argentina/03-working-conditions/,1-2 months (by tenure; none in trial period),https://servicios.infoleg.gob.ar/infolegInternet/anexos/25000-29999/25552/texact.htm,1 month/yr (min 1 month),https://servicios.infoleg.gob.ar/infolegInternet/anexos/25000-29999/25552/texact.htm,6 months (up to 8-12 by collective agreement),https://www.argentina.gob.ar/justicia/derechofacil/leysimple/trabajo/modalidades-del-contrato-de-trabajo,Notice + protected grounds (no cause required),https://servicios.infoleg.gob.ar/infolegInternet/anexos/25000-29999/25552/texact.htm,Mandatory (13th),https://servicios.infoleg.gob.ar/infolegInternet/anexos/25000-29999/25552/texact.htm,Monthly,https://servicios.infoleg.gob.ar/infolegInternet/anexos/25000-29999/25552/texact.htm,PDPL (Law 25.326),https://www.dlapiperdataprotection.com/index.html?t=law&c=AR,Spanish,https://en.wikipedia.org/wiki/Argentina,UTC-3,https://en.wikipedia.org/wiki/Argentina
Costa Rica,CR,costa-rica,Latin America & Caribbean ,High income,CRC,26.83,"~26.83% total employer CCSS payroll burden (2026): includes health/maternity (SEM), disability-old-age-death (IVM, 5.58% employer), plus mandatory charges to Banco Popular, INA, IMAS, FODESAF and Asignaciones Familiares. Was 26.67% in 2025.",https://taxsummaries.pwc.com/costa-rica/corporate/other-taxes,confirmed,17930,19970,5152950,6.8,2025,https://data.worldbank.org/country/CR,"₡373,092.30/month (generic unskilled)",https://blog.alegra.com/costa-rica/salario-minimo-costa-rica/,2 weeks (12 working days),https://wageindicator.org/es-cr/trabajo-en-costa-rica/leyes-laborales/vacaciones/,percentage,The total rose from 26.67% (2025) to 26.83% (effective 1 January 2026) driven entirely by the IVM pension component increasing from 5.42% to 5.58% for employers.,12 days (9 with mandatory pay + 3 with non-mandatory pay),https://www.mtss.go.cr/elministerio/marco-legal/documentos/Codigo_Trabajo_RPL.pdf,Days 1-3 employer 50%; then CCSS 60% + employer 40%,https://rivermate.com/guides/costa-rica#statutory-leave,4 months (~17 wks) at 100% (50/50),https://rivermate.com/guides/costa-rica#statutory-leave,8 days paid (2 days/week for 4 weeks),https://www.mtss.go.cr/elministerio/marco-legal/documentos/Codigo_Trabajo_RPL.pdf,48 hours,https://asanify.com/global-employer-of-record/costa-rica/employment-laws/,150%,https://asanify.com/global-employer-of-record/costa-rica/employment-laws/,1 week-1 month (by tenure),https://rivermate.com/guides/costa-rica#notice-periods,"19.5-22 days/yr (cesantía, cap 8 yrs)",https://www.mtss.go.cr/elministerio/marco-legal/documentos/Codigo_Trabajo_RPL.pdf,3 months (customary),https://aselecom.com/en/periodo-de-prueba-en-relaciones-laborales/,Notice + protected grounds (no cause required),https://www.mtss.go.cr/elministerio/marco-legal/documentos/Codigo_Trabajo_RPL.pdf,Mandatory (13th),https://www.rivermate.com/guides/costa-rica,Monthly,https://www.rivermate.com/guides/costa-rica,Law No. 8968,https://www.dlapiperdataprotection.com/index.html?t=law&c=CR,Spanish,https://en.wikipedia.org/wiki/Costa_Rica,UTC-6,https://en.wikipedia.org/wiki/Costa_Rica
Belgium,BE,belgium,Europe & Central Asia,High income,EUR,27,~27% employer share of social security on gross compensation (no general cap),https://taxsummaries.pwc.com/belgium/individual/other-taxes,confirmed,59500,60750,11941781,5.9,2025,https://data.worldbank.org/country/BE,"€2,189.81/month",https://www.securex.be/en/lex4you/employer/news/the-gmmi-will-increase-on-1-april-2026,"20 days (4 weeks, 5-day week)",https://boundlesshq.com/guides/belgium/leave/,percentage,"The employer share is now around 27%, down from the historic ~33% following Belgium's structural tax-shift reform.",10 days,https://rivermate.com/guides/belgium#public-x26-regional-holidays,"30 days at 100% (employer, white-collar), then health fund",https://rivermate.com/guides/belgium#statutory-leave,15 weeks (health insurance),https://rivermate.com/guides/belgium#statutory-leave,20 days (3d at 100% employer + 17d at 82%),https://leglobal.law/countries/belgium/employment-law/employment-law-overview-belgium/11-employee-benefits/,38 hours,https://boundlesshq.com/guides/belgium/hours-of-work/,"150% weekday, 200% Sun/holiday",https://leglobal.law/countries/belgium/employment-law/employment-law-overview-belgium/03-working-conditions/,Seniority-based weeks (unified status 2014),https://rivermate.com/guides/belgium#notice-periods,Indemnity = pay for the notice period,https://rivermate.com/guides/belgium#severance-pay,None (probation abolished 2014),https://leglobal.law/countries/belgium/employment-law/employment-law-overview-belgium/02-employment-contracts/,cause + notice,https://rivermate.com/guides/belgium#termination-offboarding,Mandatory (13th),https://www.rivermate.com/guides/belgium,Monthly,https://www.rivermate.com/guides/belgium,GDPR (EU) + Data Protection Act 2018,https://www.dlapiperdataprotection.com/index.html?t=law&c=BE,Dutch; French; German,https://en.wikipedia.org/wiki/Belgium,UTC+1,https://en.wikipedia.org/wiki/Belgium
Monaco,MC,monaco,Europe & Central Asia,High income,EUR,28,~26-29% (CCSS medical ~13.45% + CAR pension 8.33% + unemployment 4% + workplace accident),https://www.en.caisses-sociales.mc/home/employer/employer/professional-employer-organisation/contributions,reported,,288002,38341,,2024,https://data.worldbank.org/country/MC,"EUR 2,031/month (EUR 12.02/hour)",https://monservicepublic.gouv.mc/thematiques/emploi/activite-salariee/contrat-et-remuneration/les-salaires-en-principaute,30 days (2.5 days/month),https://monservicepublic.gouv.mc/thematiques/emploi/activite-salariee/conges-et-don-de-conges/conges-payes-annuels,percentage,"CCSS base capped at EUR 9,800/month; CAR base capped at EUR 6,112/month",,,,,,,,,39 hours,https://monentreprise.gouv.mc/en/themes/employment/employment-regulations/working-hours/statutory-working-hours,125% (first hours; 150% subsequent; 200% Sunday/holiday),https://monentreprise.gouv.mc/en/themes/employment/employment-regulations/working-hours/statutory-working-hours,"None (<6mo), 1 month (6mo-2yr), 2 months (2yr+)",https://legimonaco.mc/tnc/loi/1963/03-16-729/,"0.25 month salary/yr (first 10 yrs), 1/3 month/yr thereafter",https://www.billon-conseil.mc/2017/10/lindemnite-de-congediement-a-monaco-calcul-de-lindemnite-de-licenciement-decret-macron-en-france-incidence-a-monaco/,,,cause + notice,https://legimonaco.mc/tnc/loi/1963/03-16-729/,Customary but not mandatory,https://www.monaco-economie.com/le-modele-social-monegasque/,Monthly,https://legimonaco.mc/tnc/loi/1963/03-16-739/,Law No. 1.565 on Personal Data 2024 (Monaco),https://www.dlapiperdataprotection.com/index.html?t=law&c=MC,French,https://en.wikipedia.org/wiki/Monaco,UTC+1,https://en.wikipedia.org/wiki/Time_in_Monaco
Italy,IT,italy,Europe & Central Asia,High income,EUR,30,"~30% (INPS pension/social insurance + INAIL), varying by sector, role and employer size",https://taxsummaries.pwc.com/italy/individual/other-taxes,confirmed,42080,43309,58915656,6.4,2025,https://data.worldbank.org/country/IT,,,20 working days (4 weeks; 5-day week),https://www.normattiva.it/uri-res/N2Ls?urn:nir:stato:decreto.legislativo:2003-04-08;66~art10,percentage,"Mandatory 13th (and often 14th) month salary on top, plus TFR severance accrual (~7.4%). Total burden ~40% of gross split ~30% employer / ~10% employee.",12 national (incl. 4 Oct from 2026),https://www.normattiva.it/uri-res/N2Ls?urn:nir:stato:legge:2025-10-08;151,180-360 days (CBA); employer + INPS,https://rivermate.com/guides/italy#the-hidden-cost-for-employers-employee-mandatory-rights-and-benefits,5 months (~22 wks) at 80% (INPS),https://rivermate.com/guides/italy#the-hidden-cost-for-employers-employee-mandatory-rights-and-benefits,10 days at 100% (INPS),https://rivermate.com/guides/italy#the-hidden-cost-for-employers-employee-mandatory-rights-and-benefits,40 hours,https://www.playroll.com/working-hours/italy,110% (min +10%; CBA sets higher),https://www.playroll.com/working-hours/italy,15-180 days (by category/CCNL),https://rivermate.com/guides/italy#terminations-and-notice-periods,"~1 month/yr (TFR, salary/13.5)",https://rivermate.com/guides/italy#severance,"6 months (execs), 3 months others",https://intelligence.dlapiper.com/global-expansion-employment/?c=it,cause required (strong protection),https://rivermate.com/guides/italy#terminations-and-notice-periods,Mandatory (13th),https://www.rivermate.com/guides/italy,Monthly,https://www.rivermate.com/guides/italy,GDPR (EU) + Codice Privacy,https://www.dlapiperdataprotection.com/index.html?t=law&c=IT,Italian,https://en.wikipedia.org/wiki/Italy,UTC+1,https://en.wikipedia.org/wiki/Italy
Mexico,MX,mexico,Latin America & Caribbean ,Upper middle income,MXN,30,"~25-35% statutory (IMSS social security, INFONAVIT housing 5%, SAR retirement 2%, state payroll tax ISN 3-4%); total burden reaches ~37-44% including mandatory benefits",https://taxsummaries.pwc.com/mexico/corporate/other-taxes,confirmed,13730,13889,131946900,2.7,2025,https://data.worldbank.org/country/MX,$315.04 MXN/day (general),https://www.hklaw.com/en/insights/publications/2025/12/ajustes-a-los-salarios-minimos-en-mexico-para-el-2026,12 working days (after 1st year; 'vacaciones dignas'),https://www.pluxee.mx/blog/dias-de-vacaciones-por-ano/,percentage,Mandatory Aguinaldo (13th-month bonus) of at least 15 days' wages; the employer carries the large majority of the IMSS burden.,7 mandatory,https://leyes-mx.com/ley_federal_del_trabajo/74.htm,"60% from day 4 (IMSS, common illness)",https://leyes-mx.com/ley_del_seguro_social/98.htm,12 weeks fully paid (IMSS),https://iclg.com/practice-areas/employment-and-labour-laws-and-regulations/mexico,5 days at 100% (employer),https://leyes-mx.com/ley_federal_del_trabajo/132.htm,48 hours (phasing to 40 by 2030),https://dof.gob.mx/nota_detalle.php?codigo=5786537&fecha=01/05/2026,"200% first 9 OT hrs/wk, 300% after (cap rises to 12 by 2030)",https://dof.gob.mx/nota_detalle.php?codigo=5786537&fecha=01/05/2026,None (immediate written notice of cause),https://cms.law/en/int/expert-guides/cms-expert-guide-to-dismissals/mexico,90 days + 20 days/yr + 12 days/yr seniority premium,https://cms.law/en/int/expert-guides/cms-expert-guide-to-dismissals/mexico,30 days (180 days executive/technical),https://www.ordenjuridico.gob.mx/Documentos/Federal/html/wo9059.html,cause required (strong protection),https://www.ordenjuridico.gob.mx/Documentos/Federal/pdf/wo9059.pdf,Mandatory (aguinaldo: min. 15 days' pay),https://www.ordenjuridico.gob.mx/Documentos/Federal/pdf/wo9059.pdf,Semi-monthly (quincenal); weekly for manual workers,https://www.ordenjuridico.gob.mx/Documentos/Federal/pdf/wo9059.pdf,New Federal Law 2025 (replaced LFPDPPP),https://www.dlapiperdataprotection.com/index.html?t=law&c=MX,Spanish,https://en.wikipedia.org/wiki/Mexico,UTC-6 (Mexico City); to UTC-8,https://en.wikipedia.org/wiki/Time_in_Mexico
Colombia,CO,colombia,Latin America & Caribbean ,Upper middle income,COP,30,"~30% of the contributory base (health 8.5%, pension 12%, professional risk ~0.5-7%, plus parafiscal ICBF/SENA/family compensation ~9%); reducible to ~17% for higher earners via income-tax exoneration",https://taxsummaries.pwc.com/colombia/individual/other-taxes,confirmed,7900,8562,53425635,8.3,2025,https://data.worldbank.org/country/CO,"COP $1,750,905/month",https://revistaempresarial.com/gestion-humana/laboral/decreto-0159-de-2026-salario-minimo/,15 working days (días hábiles) per year worked,https://leyes.co/codigo_sustantivo_del_trabajo/186.htm,percentage,"The high burden is driven by parafiscal contributions (ICBF, SENA, family-compensation funds) layered on top of social security.",18 days,https://rivermate.com/guides/colombia#statutory-employee-benefits,"2d employer, then EPS to 180d (66.67% to day 90, then 50%)",https://www1.funcionpublica.gov.co/documents/34645357/34703294/Guia-gestion-incapacidades-licencias-maternidad-paternidad-v6.pdf/2ac26f86-0d76-1fd2-d354-239637a0e963?t=1724878563106,18 weeks at 100% (EPS),https://www1.funcionpublica.gov.co/documents/34645357/34703294/Guia-gestion-incapacidades-licencias-maternidad-paternidad-v6.pdf/2ac26f86-0d76-1fd2-d354-239637a0e963?t=1724878563106,2 weeks paid (EPS),http://www.secretariasenado.gov.co/senado/basedoc/codigo_sustantivo_trabajo_pr007.html,42 hours (as of 15 Jul 2026),https://www.oysterhr.com/library/average-working-hours-by-country,"125% (day), 175% (night)",https://www.playroll.com/working-hours/colombia,None for employer on indefinite (30d fixed-term non-renewal),http://www.secretariasenado.gov.co/senado/basedoc/codigo_sustantivo_trabajo_pr001.html#46,30 days (yr1) + 20 days/yr (<10 min wages),http://www.secretariasenado.gov.co/senado/basedoc/codigo_sustantivo_trabajo_pr001.html,2 months (indefinite),https://www.minjusticia.gov.co/programas-co/LegalApp/Paginas/Que-es-el-periodo-de-prueba.aspx,Indemnity + protected grounds (no cause required),http://www.secretariasenado.gov.co/senado/basedoc/codigo_sustantivo_trabajo_pr001.html,Mandatory (13th),https://www.rivermate.com/guides/colombia,Monthly,https://www.rivermate.com/guides/colombia,Law 1581 of 2012,https://www.dlapiperdataprotection.com/index.html?t=law&c=CO,Spanish,https://en.wikipedia.org/wiki/Colombia,UTC-5,https://en.wikipedia.org/wiki/Colombia
Russia,RU,russia,Europe & Central Asia,High income,RUB,30,"30% unified social insurance contribution on the portion of annual salary up to RUB 2,979,000 (2026), then 15.1% above it; plus accident insurance 0.2%-8.5% by industry risk class",https://data.nalog.ru/html/sites/www.eng.nalog.ru/Tax%20Code%20Part%20Two.pdf,reported,15960,17547,143513328,2.1,2025,https://data.worldbank.org/country/RU,"₽27,093/month",https://acsour.com/en/news-and-articles/tpost/udoa6btm71-minimum-wage-to-increase-to-27093-rubles,28 calendar days,https://www.cxcglobal.com/global-hiring-guide/russia/leave-time-off-in-russia/,percentage,"The rate drops sharply to 15.1% once cumulative annual pay passes the RUB 2,979,000 unified base; qualifying SMEs in priority sectors keep a reduced 15% rate",11 fixed national,https://www.cxcglobal.com/global-hiring-guide/russia/leave-time-off-in-russia/,"60-100% by tenure (3d employer, then Social Fund)",https://www.cxcglobal.com/global-hiring-guide/russia/leave-time-off-in-russia/,140 days (20 wks) at 100% (Social Fund),https://www.cxcglobal.com/global-hiring-guide/russia/leave-time-off-in-russia/,None statutory (5 days unpaid),https://www.cxcglobal.com/global-hiring-guide/russia/leave-time-off-in-russia/,40 hours,https://rulaws.ru/tk/CHAST-TRETYA/Razdel-IV/Glava-15/Statya-91/,"150% first 2h, 200% after",https://iuslaboris.com/insights/eastern-europe-wage-and-hour-rules-vary-across-hungary-ukraine-and-russia/,2 months (redundancy/liquidation),https://www.cxcglobal.com/global-hiring-guide/russia/end-of-employment-in-russia/,1 month + up to 2-3 months avg wage (redundancy),https://www.cxcglobal.com/global-hiring-guide/russia/end-of-employment-in-russia/,3 months,https://www.cxcglobal.com/global-hiring-guide/russia/end-of-employment-in-russia/,cause required (strong protection),https://www.cxcglobal.com/global-hiring-guide/russia/end-of-employment-in-russia/,Not customary,https://www.cxcglobal.com/global-hiring-guide/russia/payroll-and-benefits-in-russia/,Twice a month,https://www.cxcglobal.com/global-hiring-guide/russia/payroll-and-benefits-in-russia/,Federal Law No. 152-FZ,https://www.dlapiperdataprotection.com/index.html?t=law&c=RU,Russian,https://en.wikipedia.org/wiki/Russia,UTC+3 (Moscow); +2 to +12,https://en.wikipedia.org/wiki/Time_in_Russia
Spain,ES,spain,Europe & Central Asia,High income,EUR,31,"~30-31% of gross (fixed 29.9%: common contingencies 23.6%, unemployment 5.5%, FOGASA 0.2%, training 0.6%) plus ~1-3.5% professional contingencies and MEI",https://taxsummaries.pwc.com/spain/individual/other-taxes,confirmed,37120,38627,49355143,10.4,2025,https://data.worldbank.org/country/ES,"€1,221/month (paid 14 times/year; €17,094/year)",https://www.sepe.es/HomeSepe/en/que-es-el-sepe/comunicacion-institucional/noticias/detalle-noticia?folder=%2FSEPE%2F2026%2FFebrero%2F&detail=boe-publica-smi-2026,30 calendar days (~22 working days),https://www.boe.es/buscar/act.php?id=BOE-A-2015-11430,percentage,"The contribution base is capped at ~€5,101.20/mo (2026); fixed-term contracts pay a higher unemployment rate (6.70% vs 5.50%).",9 national (up to 14 with regional and local),https://www.boe.es/buscar/act.php?id=BOE-A-1983-20906,"60% days 4-20, then 75% (employer pays days 4-15, then INSS)",https://www.boe.es/diario_boe/txt.php?id=BOE-A-1980-1003,19 weeks at 100% (social security),https://www.boe.es/buscar/act.php?id=BOE-A-2015-11430,"19 weeks at 100% (equal leave, social security)",https://www.boe.es/buscar/act.php?id=BOE-A-2015-11430,40 hours,https://www.boe.es/buscar/act.php?id=BOE-A-2015-11430,No statutory rate (paid at least as ordinary hour),https://www.boe.es/buscar/act.php?id=BOE-A-2015-11430,15 days (objective dismissal),https://www.boe.es/buscar/act.php?id=BOE-A-2015-11430,20 days/yr (objective); 33 days/yr (unfair),https://rivermate.com/guides/spain#terminations,6 months (qualified technical staff),https://www.boe.es/buscar/act.php?id=BOE-A-2015-11430,cause required (strong protection),https://www.boe.es/buscar/act.php?id=BOE-A-2015-11430,Mandatory (13th + 14th),https://www.boe.es/buscar/act.php?id=BOE-A-2015-11430,Monthly,https://www.boe.es/buscar/act.php?id=BOE-A-2015-11430,GDPR (EU) + LOPDGDD,https://www.dlapiperdataprotection.com/index.html?t=law&c=ES,Spanish,https://en.wikipedia.org/wiki/Spain,UTC+1 (mainland),https://en.wikipedia.org/wiki/Spain
Sweden,SE,sweden,Europe & Central Asia,High income,SEK,31.42,"31.42% full employer social fees (arbetsgivaravgifter): pension 10.21%, health 3.55%, parental 2.60%, general payroll tax 11.62%, and more",https://www.skatteverket.se/servicelankar/otherlanguages/englishengelska/businessesandemployers.4.2fb39afe18dabf1e4d24a3d.html,confirmed,63010,63133,10596620,8.7,2025,https://data.worldbank.org/country/SE,,,25 working days,https://www.leavebalance.com/leave-laws/se/annual/,percentage,"High, flat employer rate with no salary ceiling; reduced rates apply for older workers (67+ pay only 10.21% from 2026).",,,"Days 2-14 at 80% (employer), then Försäkringskassan ~80%",https://rivermate.com/guides/sweden#statutory-leave,480 days shared parental (390 at ~80%),https://rivermate.com/guides/sweden#statutory-leave,90 days reserved per parent (of 480); ~80%,https://rivermate.com/guides/sweden#statutory-leave,40 hours,https://www.azets.com/en/insights/work-hours-nordics,No statutory rate (set by CBA),https://www.azets.com/en/insights/work-hours-nordics,1-6 months (by tenure),https://rivermate.com/guides/sweden#notice-periods,None (no statutory severance),https://rivermate.com/guides/sweden#severance-pay,,,cause required (strong protection),https://rivermate.com/guides/sweden#termination-offboarding,Customary but not mandatory,https://www.rivermate.com/guides/sweden,Monthly,https://www.rivermate.com/guides/sweden,GDPR (EU) + Data Protection Act 2018,https://www.dlapiperdataprotection.com/index.html?t=law&c=SE,Swedish,https://en.wikipedia.org/wiki/Sweden,UTC+1,https://en.wikipedia.org/wiki/Sweden
China,CN,china,East Asia & Pacific,Upper middle income,CNY,33,"~26-40% including the housing fund. Social insurance employer portion (pension 16%, medical/maternity 6.85-9.8%, unemployment 0.5-0.8%, work-injury 0.2-1.9%) is ~23.85-28.2% depending on city (e.g. Shanghai 25.7-27.4%, Beijing 26.5-28.2%), plus a housing fund of ~5-12%. Bases capped at 300% of local average wage",https://taxsummaries.pwc.com/peoples-republic-of-china/individual/other-taxes,confirmed,14230,13862,1406585000,4.6,2025,https://data.worldbank.org/country/CN,,,5 days (1-10 years of cumulative service),https://www.woodburnglobal.com/post/understanding-annual-leave-and-holiday-rules-in-china,percentage,"Rates and caps are set city by city (Shanghai, Beijing and Guangzhou all differ), and the mandatory housing fund adds a further ~5-12%.",13 days (7 national holidays),https://www.gov.cn/zhengce/content/202411/content_6986380.htm,60-100% by tenure (employer); 3-24 mo medical period,https://rivermate.com/guides/china#statutory-leave,98 days (14 wks) at 100% + local extensions,https://www.gov.cn/zhengce/zhengceku/2012-05/07/content_6584.htm,About 15 days (set by each province),https://www.gov.cn/zhengce/202509/content_7038713.htm,40 hours,https://www.playroll.com/working-hours/china,"150% weekday (200% rest day, 300% holiday)",https://www.playroll.com/working-hours/china,30 days (or 1 month pay in lieu),https://rivermate.com/guides/china#notice-periods,"1 month/yr (cap 3x avg wage, 12 yrs)",https://rivermate.com/guides/china#severance-pay,6 months (contracts 3+ yrs/open-ended),https://english.court.gov.cn/2015-08/17/c_761484_4.htm,cause required (strong protection),https://rivermate.com/guides/china#termination-offboarding,Customary but not mandatory,https://www.rivermate.com/guides/china,Monthly,https://www.rivermate.com/guides/china,PIPL,https://www.dlapiperdataprotection.com/index.html?t=law&c=CN,Standard Chinese (Mandarin),https://en.wikipedia.org/wiki/China,UTC+8,https://en.wikipedia.org/wiki/Time_in_China
Czechia,CZ,czechia,Europe & Central Asia,High income,CZK,33.8,"33.8% (social security 24.8% + health insurance 9%). Social-security base capped at 48x average monthly wage (CZK 2,350,416 for 2026); health insurance has no cap",https://taxsummaries.pwc.com/czech-republic/individual/other-taxes,confirmed,32960,35917,10886878,2.8,2025,https://data.worldbank.org/country/CZ,"CZK 22,400/month",https://www.accace.com/minimum-average-and-guaranteed-wage-czech-republic/,20 days (4 weeks),https://boundlesshq.com/guides/czech-republic/leave/,percentage,"One of the EU's highest flat employer rates at 33.8%, and the 9% health portion has no wage ceiling at all.",13 days,https://eures.europa.eu/living-and-working/living-and-working-conditions/living-and-working-conditions-czechia_en,"60% days 4-14 (employer), then social security (to 380d)",https://rivermate.com/guides/czech-republic#statutory-leave,28 weeks at ~70%,https://rivermate.com/guides/czech-republic#statutory-leave,2 weeks (14 days) at ~70%,https://rivermate.com/guides/czech-republic#statutory-leave,40 hours,https://boundlesshq.com/guides/czech-republic/hours-of-work/,125% (min +25%),https://rivermate.com/guides/czech-republic#overtime-x26-minimums,2 months,https://rivermate.com/guides/czech-republic#notice-periods,1-3 months (org/health grounds),https://rivermate.com/guides/czech-republic#severance-pay,4 months (8 for managers),https://www.ecovislegal.cz/en/czech-legal-news/czech-probationary-period-changes-2025/,cause required (strong protection),https://rivermate.com/guides/czech-republic#termination-offboarding,,,Monthly,https://www.rivermate.com/guides/czech-republic,GDPR (EU) + Act No. 110/2019,https://www.dlapiperdataprotection.com/index.html?t=law&c=CZ,Czech,https://en.wikipedia.org/wiki/Czech_Republic,UTC+1,https://en.wikipedia.org/wiki/Czech_Republic
Estonia,EE,estonia,Europe & Central Asia,High income,EUR,33.8,33.8%: social tax 33% (20% pension + 13% health) + unemployment insurance 0.8%; no ceiling,https://taxsummaries.pwc.com/estonia/individual/other-taxes,confirmed,32310,34418,1366475,8.3,2025,https://data.worldbank.org/country/EE,€946/month,https://www.palgainfo.ee/en/salary-market-analyses-new/minimum-wage,28 calendar days,https://www.cxcglobal.com/global-hiring-guide/estonia/leave-time-off-in-estonia/,percentage,"The 33% social tax is uncapped and there is a monthly minimum obligation regardless of hours worked, making Estonia one of the highest flat employer burdens in the EU",12 days,https://www.officeholidays.com/countries/estonia/2026,"70% (days 4-8 employer, then Health Fund; days 1-3 unpaid; to 182d)",https://www.haigekassa.ee/en/people/benefits-provided-health-insurance-fund/sickness-benefit,"100 days, earnings-based (state)",https://sotsiaalkindlustusamet.ee/en/family-benefits-and-allowances/family-benefits-overview/maternity-benefit-and-maternity-leave,"30 days, income-based (state)",https://sotsiaalkindlustusamet.ee/en/family-benefits-and-allowances/family-benefits-overview/paternity-benefit-and-paternity-leave,40 hours,https://www.usemultiplier.com/estonia/working-hours,150%,https://www.usemultiplier.com/estonia/working-hours,15-90 days (by tenure),https://rivermate.com/guides/estonia#notice-periods,"1 month (employer) + 1-2 months (Unemployment Fund, 5+ yrs)",https://eplex.ilo.org/en/country-detail?code=EST&yr=2017,4 months,https://www.tooelu.ee/en/13/probationary-period,cause + notice,https://rivermate.com/guides/estonia#termination-offboarding,Customary but not mandatory,https://www.rivermate.com/guides/estonia,Monthly,https://www.rivermate.com/guides/estonia,GDPR (EU) + Personal Data Protection Act,https://www.dlapiperdataprotection.com/index.html?t=law&c=EE,Estonian,https://en.wikipedia.org/wiki/Estonia,UTC+2,https://en.wikipedia.org/wiki/Estonia
Belarus,BY,belarus,Europe & Central Asia,Upper middle income,BYN,34,34% (Social Protection Fund: pension 28% + social insurance 6%) plus 0.1-1% accident insurance,https://www.ssa.gov/policy/docs/progdesc/ssptw/2018-2019/europe/belarus.html,reported,9160,10279,9085991,3.4,2025,https://data.worldbank.org/country/BY,BYN 726/month,https://www.playroll.com/minimum-wage/belarus,24 calendar days,https://www.globalization-partners.com/globalpedia/belarus/compensation-benefits/,percentage,Mandatory work-injury/accident insurance adds 0.1-1% by industry risk,11 days/year,https://www.officeholidays.com/countries/belarus/2026,,,"126 days (18 wks), 100% social insurance",https://gratanet.com/publications/gils-employment-law-belarus,14 days,https://gratanet.com/publications/gils-employment-law-belarus,40 hours,https://www.playroll.com/working-hours/belarus,150% (first 2h; 200% after),https://www.playroll.com/working-hours/belarus,~2 months (redundancy); 3 days to 2 months by ground,https://asanify.com/global-employer-of-record/belarus/employment-laws/,,,3 months,https://spex.by/news/probation-period-for-employee-in-belarus,cause + notice,https://asanify.com/global-employer-of-record/belarus/employment-laws/,,,,,Law on Personal Data Protection 2021 (Belarus),https://www.dlapiperdataprotection.com/index.html?t=law&c=BY,"Belarusian, Russian",https://www.playroll.com/global-hiring-guides/belarus,UTC+3,https://en.wikipedia.org/wiki/Time_in_Belarus
Slovakia,SK,slovakia,Europe & Central Asia,High income,EUR,36.2,"~36.2%: social security 24.4% (capped at EUR 16,764/month base) + accident insurance 0.8% (uncapped) + health insurance 11% (uncapped)",https://taxsummaries.pwc.com/slovak-republic/individual/other-taxes,confirmed,26410,28544,5413813,5.4,2025,https://data.worldbank.org/country/SK,€915/month,https://www.grantthornton.sk/en/news/minimum-wage-as-of-january-01-2026,20 working days (4 weeks),https://www.cxcglobal.com/global-hiring-guide/slovakia/leave-time-off-in-slovakia/,percentage,"Health insurance (11%) has no assessment-base ceiling, so employer cost stays high even for very high earners",11 days in 2026 (13 from 2027),https://static.slov-lex.sk/static/SK/ZZ/1993/241/20251101.html,"First 14 days (employer), then 55% (Social Insurance to 52 wks)",https://static.slov-lex.sk/static/SK/ZZ/2003/462/20260101.html,34 weeks (maternity benefit),https://rivermate.com/guides/slovakia#statutory-leave,2 weeks (paternity benefit),https://www.socpoist.sk/en/life-situations/pregnancy-maternity/how-do-i-apply-paternity-benefit?ref=2053,40 hours,https://rivermate.com/guides/slovakia#working-hours-x26-overtime,125% (min +25%),https://rivermate.com/guides/slovakia#overtime-x26-minimums,1-3 months (by tenure),https://rivermate.com/guides/slovakia#notice-periods,"1-5 months (redundancy/health, by tenure)",https://rivermate.com/guides/slovakia#severance-pay,3 months (uniform; no manager extension),https://natlex.ilo.org/dyn/natlex2/natlex2/files/download/61871/SVK-61871.pdf,cause + notice,https://rivermate.com/guides/slovakia#termination-offboarding,Customary but not mandatory,https://www.rivermate.com/guides/slovakia,Monthly,https://www.rivermate.com/guides/slovakia,GDPR (EU) + Act No. 18/2018,https://www.dlapiperdataprotection.com/index.html?t=law&c=SK,Slovak,https://en.wikipedia.org/wiki/Slovakia,UTC+1,https://en.wikipedia.org/wiki/Slovakia
Brazil,BR,brazil,Latin America & Caribbean ,Upper middle income,BRL,37,"~37-40% (employer INSS 20% with no cap, FGTS 8%, work-accident RAT 1-3%, plus Sistema S ~5.8% third-party contributions)",https://taxsummaries.pwc.com/brazil/individual/other-taxes,confirmed,10550,10713,212812405,6,2025,https://data.worldbank.org/country/BR,"R$1,621/month",https://www12.senado.leg.br/radio/1/noticia/2025/12/15/salario-minimo-tera-granho-real-e-subira-para-r-1-621-ja-em-janeiro-de-2026,30 calendar days,https://vacationtracker.io/leave-laws/south-america/brazil/,percentage,"Notably high; INSS has no salary cap on the employer side, plus a mandatory 13th-month salary (all subject to the same charges).",10 national,https://noticias.ufal.br/transparencia/noticias/2026/1/governo-federal-divulga-lista-de-feriados-nacionais-e-pontos-facultativos-de-2026,"15 days at 100% (employer), then INSS",https://www2.camara.leg.br/legin/fed/lei/1991/lei-8213-24-julho-1991-363650-normaatualizada-pl.html,120 days (~17 wks) at 100%,https://www2.camara.leg.br/legin/fed/declei/1940-1949/decreto-lei-5452-1-maio-1943-415500-normaatualizada-pe.html,5 days at 100% (full pay),https://agenciabrasil.ebc.com.br/direitos-humanos/noticia/2026-03/saiba-o-que-muda-com-nova-licenca-paternidade-no-brasil,44 hours,https://www2.camara.leg.br/legin/fed/consti/1988/constituicao-1988-5-outubro-1988-322142-normaatualizada-pl.html,150% (200% Sunday/holiday),https://www2.camara.leg.br/legin/fed/declei/1940-1949/decreto-lei-5452-1-maio-1943-415500-normaatualizada-pe.html,30 days + 3 days/yr (max 90),https://www.planalto.gov.br/ccivil_03/_ato2011-2014/2011/lei/l12506.htm,40% FGTS fine on total deposits,https://www.planalto.gov.br/ccivil_03/leis/l8036consol.htm,90 days,https://deqlaw.com.br/en/brazilian-employment-law-a-guide-for-foreign-companies/,Notice + protected grounds (no cause required),https://intelligence.dlapiper.com/global-expansion-employment/?c=br,Mandatory (13th),https://www2.camara.leg.br/legin/fed/consti/1988/constituicao-1988-5-outubro-1988-322142-normaatualizada-pl.html,Monthly,https://www2.camara.leg.br/legin/fed/declei/1940-1949/decreto-lei-5452-1-maio-1943-415500-normaatualizada-pe.html,LGPD,https://www.dlapiperdataprotection.com/index.html?t=law&c=BR,Portuguese,https://en.wikipedia.org/wiki/Brazil,UTC-3 (Brasília),https://en.wikipedia.org/wiki/Time_in_Brazil
France,FR,france,Europe & Central Asia,High income,EUR,42.5,~40-45% of gross (midpoint ~42.5%) for mid-to-senior roles; substantially reduced near the minimum wage via the reduction generale,https://taxsummaries.pwc.com/france/individual/other-taxes,confirmed,48630,48986,68720337,7.5,2025,https://data.worldbank.org/country/FR,"€1,867.02/month (€12.31/hour, SMIC, since 1 June 2026)",https://staffmatch.com/blog/en/smic-2025/,30 working days (jours ouvrables) = 5 weeks (25 jours ouvrés),https://boundlesshq.com/guides/france/leave/,percentage,"Among the highest employer burdens globally; the rate is not flat (lower near the SMIC, stabilising at ~42-45% above ~€5,600/mo gross). 2026 PASS ceiling €48,060.",11 (only May 1 is a mandatory day off),https://www.entreprises.cci-paris-idf.fr/fiches-pratiques/jours-feries-en-entreprise-ce-que-dit-la-reglementation,50% IJSS from day 4 + employer top-up,https://www.service-public.fr/particuliers/vosdroits/F3053,16 weeks (1st/2nd child) at IJSS,https://www.service-public.fr/particuliers/vosdroits/F2265,25 days (single birth) at IJSS,https://rivermate.com/guides/france#statutory-leave,35 hours,https://www.deel.com/blog/global-overtime-laws-by-country/,"125% first 8h, 150% after",https://www.deel.com/blog/global-overtime-laws-by-country/,"1 month (6mo-2yrs), 2 months (2yrs+); <6mo per CBA/custom",https://www.service-public.gouv.fr/particuliers/vosdroits/F2855,1/4 month/yr (1/3 after 10 yrs),https://rivermate.com/guides/france#severance-pay,"2-4 months (by category, renewable once)",https://code.travail.gouv.fr/code-du-travail/l1221-19,cause required (strong protection),https://www.service-public.gouv.fr/particuliers/vosdroits/F2835,Customary but not mandatory,https://www.rivermate.com/guides/france,Monthly,https://www.rivermate.com/guides/france,GDPR (EU) + Loi Informatique et Libertés,https://www.dlapiperdataprotection.com/index.html?t=law&c=FR,French,https://en.wikipedia.org/wiki/France,UTC+1 (metropolitan),https://en.wikipedia.org/wiki/France
Denmark,DK,denmark,Europe & Central Asia,High income,DKK,,"Low fixed DKK amounts rather than a payroll percentage: ATP DKK 2,376/yr plus estimated maternity fund (~DKK 2,200), industrial-injury insurance (~DKK 5,000) and other schemes (~DKK 5,300), totalling roughly DKK 14,000-15,000/yr per full-time employee (2026)",https://taxsummaries.pwc.com/denmark/individual/other-taxes,confirmed,77190,76970,6009169,5.5,2025,https://data.worldbank.org/country/DK,,,25 days (5 weeks),https://boundlesshq.com/guides/denmark/leave/,fixed-amounts,"Denmark funds its welfare state through income tax, not payroll: employer social charges are small fixed DKK amounts (ATP etc.), not a percentage of salary.",9 days,https://www.rivermate.com/guides/denmark/leave,First 30 days at full pay (employer),https://rivermate.com/guides/denmark#statutory-leave,"28 weeks (4 pre + 24 post), barselsdagpenge",https://www.borger.dk/familie-og-boern/barsel-oversigt/barsel-loenmodtagere-ny-orlovsmodel,"24 weeks (2 at birth + 9 earmarked + 13 transferable), barselsdagpenge",https://www.borger.dk/familie-og-boern/barsel-oversigt/barsel-loenmodtagere-ny-orlovsmodel,37 hours (collective norm; no statutory limit),https://www.azets.com/en/insights/work-hours-nordics,"No statutory rate (CBA, typically +40-50%)",https://www.azets.com/en/insights/work-hours-nordics,1-6 months (by tenure),https://rivermate.com/guides/denmark#notice-periods,1 month at 12 yrs; 3 months at 17 yrs,https://rivermate.com/guides/denmark#severance-pay,3 months (salaried); up to 6 months others,https://www.retsinformation.dk/eli/lta/2017/1002,cause + notice,https://rivermate.com/guides/denmark#termination-offboarding,,,Monthly,https://www.rivermate.com/guides/denmark,GDPR (EU) + Data Protection Act,https://www.dlapiperdataprotection.com/index.html?t=law&c=DK,Danish,https://en.wikipedia.org/wiki/Denmark,UTC+1,https://en.wikipedia.org/wiki/Denmark
